outcome,department,province,district,breakpoint_yearmonth,delta_treated,delta_control_mean,did,n_controls,has_5g_post
download,Arequipa,Arequipa,Alto Selva Alegre,202410,1.5940016666666672,-0.6276238833333332,2.2216255500000006,5,False
download,Arequipa,Arequipa,Cayma,202411,1.3607814166666667,-0.5031022833333335,1.8638837000000001,5,False
download,Arequipa,Arequipa,Jacobo Hunter,202410,0.8173492500000012,-0.31458689999999995,1.1319361500000011,5,False
download,Arequipa,Arequipa,Jose Luis Bustamante Y Rivero,202411,1.0204331666666668,0.19136561666666588,0.829067550000001,5,False
download,Arequipa,Arequipa,Mariano Melgar,202411,1.4891989166666662,-0.5061216200000004,1.9953205366666666,5,False
download,Arequipa,Arequipa,Miraflores,202411,0.24338166666666794,-0.9638711666666673,1.2072528333333352,3,False
download,Arequipa,Arequipa,Paucarpata,202411,0.6407460833333349,-0.7856921533333339,1.4264382366666688,5,False
download,Arequipa,Arequipa,Sachaca,202410,1.411320666666665,0.01962015000000026,1.3917005166666647,5,False
download,Arequipa,Arequipa,Socabaya,202410,-1.1405779166666665,-0.4384305666666677,-0.7021473499999988,5,False
download,Arequipa,Arequipa,Tiabaya,202410,1.5925641666666674,0.4486563200000001,1.1439078466666674,5,False
download,Arequipa,Arequipa,Yanahuara,202410,0.050654333333332247,-0.9316085833333346,0.9822629166666669,5,False
download,Ayacucho,Huamanga,Carmen Alto,202505,1.753501916666666,0.6406874666666663,1.1128144499999997,5,False
download,Callao,Callao,La Perla,202602,1.491703208333334,1.0698885166666674,0.4218146916666665,5,False
download,Cusco,Cusco,Cusco,202509,3.169158499999998,0.8267906125000004,2.342367887499998,4,False
download,Cusco,Cusco,San Jeronimo,202509,3.4632456499999993,0.6842289208333332,2.779016729166666,4,False
download,Cusco,Cusco,San Sebastian,202509,2.258637166666663,0.6872529733333334,1.5713841933333295,5,False
download,Cusco,Cusco,Santiago,202509,2.7391051833333337,0.8267906125000004,1.9123145708333333,4,False
download,Cusco,Cusco,Wanchaq,202509,2.4881880000000027,0.6564596166666667,1.831728383333336,5,False
download,Cusco,Espinar,Espinar,202602,0.14930783333333508,0.07502136666666707,0.07428646666666801,5,False
download,Ica,Chincha,Alto Laran,202406,1.2022964999999992,0.4123420766666673,0.789954423333332,5,False
download,Ica,Chincha,Chincha Alta,202406,0.6850326666666646,-0.15996355000000015,0.8449962166666648,5,False
download,Ica,Chincha,Chincha Baja,202406,0.9829995833333331,0.9275377166666668,0.055461866666666304,5,False
download,Ica,Chincha,El Carmen,202406,1.6216965833333354,0.26509038333333274,1.3566062000000028,5,False
download,Ica,Chincha,Pueblo Nuevo,202406,0.34956333333333056,0.03828308333333297,0.3112802499999976,5,False
download,Ica,Chincha,Sunampe,202405,0.1330209999999994,0.7903039499999999,-0.6572829500000005,5,False
download,Ica,Ica,Ica,202510,1.003155249999999,0.549064116666667,0.45409113333333195,5,False
download,Ica,Ica,La Tinguiña,202508,2.0815879166666686,1.4328345966666667,0.648753320000002,5,False
download,Ica,Ica,Parcona,202510,1.5099519166666688,1.2663316966666667,0.24362022000000216,5,False
download,Ica,Ica,Subtanjalla,202507,3.0543060166666667,0.6165752233333335,2.4377307933333334,5,False
download,Junin,Huancayo,Chilca,202501,1.0070752999999995,-0.018989561111109943,1.0260648611111094,3,False
download,Junin,Huancayo,El Tambo,202501,1.07227475,-0.12450550555555513,1.1967802555555551,3,False
download,Junin,Huancayo,Huancayo,202501,1.4060898333333345,-0.009477344444443148,1.4155671777777776,3,False
download,Junin,Huancayo,Pilcomayo,202501,0.9107469666666672,0.029042730000000107,0.8817042366666671,5,False
download,Junin,Huancayo,San Agustin,202412,-0.5182768166666669,-0.7297385266666667,0.2114617099999998,5,False
download,La Libertad,Trujillo,El Porvenir,202412,-0.18188366666666766,0.5893942999999997,-0.7712779666666674,5,False
download,La Libertad,Trujillo,La Esperanza,202412,0.923872750000001,0.5779023333333324,0.3459704166666686,5,False
download,La Libertad,Trujillo,Moche,202412,0.6091608333333305,-0.692324433333334,1.3014852666666645,5,False
download,La Libertad,Trujillo,Trujillo,202412,1.269452499999998,0.3780723999999996,0.8913800999999986,5,False
download,La Libertad,Trujillo,Victor Larco Herrera,202412,1.6687157500000005,-0.7005874999999999,2.3693032500000006,5,False
download,Lambayeque,Chiclayo,Chiclayo,202412,0.29234033333333365,0.6722519166666668,-0.3799115833333332,5,False
download,Lambayeque,Chiclayo,Jose Leonardo Ortiz,202412,0.17147399999999813,0.02857810000000107,0.14289589999999705,5,False
download,Lambayeque,Chiclayo,La Victoria,202412,-0.766584166666668,-0.2760213833333328,-0.49056278333333514,5,False
download,Lambayeque,Chiclayo,Pimentel,202412,0.20800200000000046,-0.14255610000000019,0.35055810000000065,5,False
download,Lima,Cañete,Asia,202512,0.5486911666666661,-0.08786921666666636,0.6365603833333324,5,True
download,Lima,Cañete,Chilca,202510,1.0678572499999976,0.43845840000000075,0.629398849999997,5,False
download,Lima,Cañete,Mala,202512,0.7667588333333342,0.26606946666666753,0.5006893666666666,5,True
download,Lima,Huaura,Sayan,202602,-2.7141523083333334,0.8030113350000001,-3.5171636433333333,5,False
download,Lima,Lima,Barranco,202511,1.1832510833333334,0.6475281041666654,0.535722979166668,4,False
download,Lima,Lima,Breña,202512,0.7769591666666695,1.0824158666666666,-0.30545669999999703,5,True
download,Lima,Lima,Carabayllo,202512,0.46864716666666517,1.761308999999999,-1.2926618333333337,3,True
download,Lima,Lima,Independencia,202512,0.5378184166666653,1.1999678833333338,-0.6621494666666685,5,False
download,Lima,Lima,Los Olivos,202512,0.47808066666666704,1.4283894999999989,-0.9503088333333318,4,True
download,Lima,Lima,Puente Piedra,202512,0.9653189166666643,1.1521648333333339,-0.1868459166666696,5,False
download,Lima,Lima,Punta Negra,202504,1.1042199166666684,1.308394166666666,-0.20417424999999767,5,False
download,Lima,Lima,San Juan De Lurigancho,202512,0.1863262500000058,0.991386833333334,-0.8050605833333282,5,True
download,Lima,Lima,San Martin De Porres,202512,0.3285644166666657,0.8937831111111117,-0.5652186944444461,3,True
download,Piura,Piura,Castilla,202412,0.35708108333333044,0.04647625000000133,0.3106048333333291,5,False
download,Piura,Piura,Catacaos,202411,0.7709164166666653,-0.0699241533333332,0.8408405699999986,5,False
download,Piura,Piura,Veintiseis De Octubre,202412,0.9568300000000001,0.3522999833333323,0.6045300166666678,5,False
download,Puno,Chucuito,Desaguadero,202601,2.188971000000002,0.6348463579999997,1.5541246420000026,5,False
download,Puno,Melgar,Ayaviri,202602,0.4394674166666661,0.5692650083333337,-0.1297975916666676,5,False
download,Puno,Puno,Puno,202511,1.6819486666666652,0.49415852333333365,1.1877901433333315,5,False
download,Puno,San Roman,Caracoto,202511,2.8476932833333315,0.750324226666668,2.0973690566666634,5,False
download,Puno,San Roman,Juliaca,202511,1.082157999999998,0.49415852333333365,0.5879994766666643,5,False
download,Puno,San Roman,San Miguel,202511,1.512732333333334,0.5023767333333318,1.0103556000000022,5,False
download,Tacna,Candarave,Camilaca,202412,2.2070911666666673,0.1366615666666672,2.0704296,3,False
download,Tumbes,Tumbes,Tumbes,202511,1.118743666666667,0.9513222666666671,0.16742139999999994,5,False
time4g,Arequipa,Arequipa,Alto Selva Alegre,202410,1.8279055,1.7142300333333338,0.11367546666666617,5,False
time4g,Arequipa,Arequipa,Cayma,202411,0.6960481666666425,2.005696900000001,-1.3096487333333586,5,False
time4g,Arequipa,Arequipa,Jacobo Hunter,202410,1.9698978333333486,1.7494134666666696,0.22048436666667892,5,False
time4g,Arequipa,Arequipa,Jose Luis Bustamante Y Rivero,202411,1.5231768333333235,1.9599712666666704,-0.4367944333333469,5,False
time4g,Arequipa,Arequipa,Mariano Melgar,202411,3.7885889999999875,2.2293417999999976,1.55924719999999,5,False
time4g,Arequipa,Arequipa,Miraflores,202411,1.271150333333324,0.9704956666666646,0.3006546666666594,3,False
time4g,Arequipa,Arequipa,Paucarpata,202411,0.16158150000001115,1.4602070333333301,-1.298625533333319,5,False
time4g,Arequipa,Arequipa,Sachaca,202410,3.377181666666658,1.2056168000000014,2.1715648666666567,5,False
time4g,Arequipa,Arequipa,Socabaya,202410,1.440899166666668,1.7778205999999954,-0.33692143333332747,5,False
time4g,Arequipa,Arequipa,Tiabaya,202410,-2.1938650000000166,2.0256972333333265,-4.219562233333344,5,False
time4g,Arequipa,Arequipa,Yanahuara,202410,-2.885843833333311,0.9079688333333337,-3.793812666666645,5,False
time4g,Ayacucho,Huamanga,Carmen Alto,202505,1.2623950000000121,2.336515066666672,-1.07412006666666,5,False
time4g,Callao,Callao,La Perla,202602,1.7675505833333318,0.2895514333333324,1.4779991499999994,5,False
time4g,Cusco,Cusco,Cusco,202509,3.7207130000000035,-1.0370834166666647,4.757796416666668,4,False
time4g,Cusco,Cusco,San Jeronimo,202509,2.075753166666672,-1.1086613333333233,3.1844144999999955,4,False
time4g,Cusco,Cusco,San Sebastian,202509,4.6754846666666765,-1.3805823666666641,6.05606703333334,5,False
time4g,Cusco,Cusco,Santiago,202509,4.060980833333346,-1.0370834166666647,5.098064250000011,4,False
time4g,Cusco,Cusco,Wanchaq,202509,1.7224783333333136,-0.2660232333333369,1.9885015666666503,5,False
time4g,Cusco,Espinar,Espinar,202602,-0.6908841666666774,-1.3838735666666708,0.6929893999999934,5,False
time4g,Ica,Chincha,Alto Laran,202406,3.9405268333333368,0.030541666666675838,3.9099851666666607,5,False
time4g,Ica,Chincha,Chincha Alta,202406,1.9576613333333484,0.8209425000000067,1.1367188333333416,5,False
time4g,Ica,Chincha,Chincha Baja,202406,3.8065506666666664,0.766210433333336,3.0403402333333305,5,False
time4g,Ica,Chincha,El Carmen,202406,-4.874492500000031,1.8144134666666674,-6.688905966666698,5,False
time4g,Ica,Chincha,Pueblo Nuevo,202406,1.3431736666666865,0.6471574999999973,0.6960161666666892,5,False
time4g,Ica,Chincha,Sunampe,202405,1.8387068333333474,1.6731516999999996,0.16555513333334781,5,False
time4g,Ica,Ica,Ica,202510,1.157644000000019,-0.1640182999999979,1.321662300000017,5,False
time4g,Ica,Ica,La Tinguiña,202508,1.3353113333333226,-4.423475833333335,5.758787166666657,5,False
time4g,Ica,Ica,Parcona,202510,1.5875929999999983,-3.89296166666666,5.4805546666666585,5,False
time4g,Ica,Ica,Subtanjalla,202507,2.792828666666665,-3.3663162666666637,6.159144933333328,5,False
time4g,Junin,Huancayo,Chilca,202501,3.6707673333333304,0.5919930555555576,3.078774277777773,3,False
time4g,Junin,Huancayo,El Tambo,202501,1.1894935000000117,3.163927111111107,-1.9744336111110954,3,False
time4g,Junin,Huancayo,Huancayo,202501,1.16340000000001,0.04274466666665452,1.1206553333333555,3,False
time4g,Junin,Huancayo,Pilcomayo,202501,1.7304485000000085,-1.7137642666666664,3.444212766666675,5,False
time4g,Junin,Huancayo,San Agustin,202412,1.7699709999999982,-2.2740069999999917,4.04397799999999,5,False
time4g,La Libertad,Trujillo,El Porvenir,202412,1.2443975000000052,1.7457442333333404,-0.5013467333333352,5,False
time4g,La Libertad,Trujillo,La Esperanza,202412,0.7235974999999968,1.493529866666671,-0.7699323666666742,5,False
time4g,La Libertad,Trujillo,Moche,202412,1.4860758333333308,-1.4465490333333322,2.932624866666663,5,False
time4g,La Libertad,Trujillo,Trujillo,202412,2.1731006666666417,2.1396742999999985,0.033426366666643226,5,False
time4g,La Libertad,Trujillo,Victor Larco Herrera,202412,3.5921426666666747,-0.816351766666665,4.40849443333334,5,False
time4g,Lambayeque,Chiclayo,Chiclayo,202412,0.8472431666666722,2.2361432000000008,-1.3889000333333286,5,False
time4g,Lambayeque,Chiclayo,Jose Leonardo Ortiz,202412,0.07654516666666211,1.394168133333335,-1.3176229666666728,5,False
time4g,Lambayeque,Chiclayo,La Victoria,202412,0.6673164999999983,0.8770686999999924,-0.20975219999999406,5,False
time4g,Lambayeque,Chiclayo,Pimentel,202412,0.1308284999999927,0.023458933333341748,0.10736956666665094,5,False
time4g,Lima,Cañete,Asia,202512,4.3170426666666515,1.2325791666666646,3.0844634999999867,5,True
time4g,Lima,Cañete,Chilca,202510,3.876711666666651,1.3705341666666642,2.506177499999987,5,False
time4g,Lima,Cañete,Mala,202512,0.7693434999999909,0.6379459666666747,0.13139753333331616,5,True
time4g,Lima,Huaura,Sayan,202602,3.871852500000003,1.3240510666666594,2.547801433333343,5,False
time4g,Lima,Lima,Barranco,202511,0.606606499999998,1.5885516249999974,-0.9819451249999993,4,False
time4g,Lima,Lima,Breña,202512,0.7267875000000004,0.9424595333333314,-0.21567203333333107,5,True
time4g,Lima,Lima,Carabayllo,202512,1.9903408333333346,1.333267888888879,0.6570729444444556,3,True
time4g,Lima,Lima,Independencia,202512,2.728737333333328,1.0728533666666664,1.6558839666666614,5,False
time4g,Lima,Lima,Los Olivos,202512,1.9959226666666723,1.4120126249999885,0.5839100416666838,4,True
time4g,Lima,Lima,Puente Piedra,202512,2.516023500000003,0.8491457333333244,1.6668777666666785,5,False
time4g,Lima,Lima,Punta Negra,202504,10.239843333333354,0.71368406666667,9.526159266666685,5,False
time4g,Lima,Lima,San Juan De Lurigancho,202512,2.344502833333351,1.3501725333333296,0.9943303000000214,5,True
time4g,Lima,Lima,San Martin De Porres,202512,3.3299816666666544,1.1911128888888811,2.1388687777777733,3,True
time4g,Piura,Piura,Castilla,202412,1.257593166666652,1.3623997666666667,-0.10480660000001474,5,False
time4g,Piura,Piura,Catacaos,202411,1.4855271666666852,0.597514366666681,0.8880128000000042,5,False
time4g,Piura,Piura,Veintiseis De Octubre,202412,0.6005320000000154,1.1333021666666696,-0.5327701666666542,5,False
time4g,Puno,Chucuito,Desaguadero,202601,3.4786026666666743,0.06736081999999328,3.411241846666681,5,False
time4g,Puno,Melgar,Ayaviri,202602,3.598470666666671,-2.0305931999999958,5.629063866666667,5,False
time4g,Puno,Puno,Puno,202511,0.9039880000000124,-0.6716460333333316,1.575634033333344,5,False
time4g,Puno,San Roman,Caracoto,202511,2.0969388333333256,-1.4492851666666637,3.5462239999999894,5,False
time4g,Puno,San Roman,Juliaca,202511,0.014838499999981991,-0.6716460333333316,0.6864845333333136,5,False
time4g,Puno,San Roman,San Miguel,202511,2.428464666666656,-1.6018694333333285,4.030334099999985,5,False
time4g,Tacna,Candarave,Camilaca,202412,24.379230000000007,0.4447978333333443,23.934432166666664,3,False
time4g,Tumbes,Tumbes,Tumbes,202511,-1.0757868333333391,0.2790641666666602,-1.3548509999999994,5,False
latency,Arequipa,Arequipa,Alto Selva Alegre,202410,-17.331204000000007,-14.430962533333332,-2.9002414666666745,5,False
latency,Arequipa,Arequipa,Cayma,202411,-16.212553333333332,-13.652099566666667,-2.560453766666665,5,False
latency,Arequipa,Arequipa,Jacobo Hunter,202410,-16.726542999999992,-14.824810666666668,-1.9017323333333245,5,False
latency,Arequipa,Arequipa,Jose Luis Bustamante Y Rivero,202411,-16.67580733333333,-14.735937266666673,-1.9398700666666588,5,False
latency,Arequipa,Arequipa,Mariano Melgar,202411,-16.437332000000005,-14.683203400000002,-1.7541286000000031,5,False
latency,Arequipa,Arequipa,Miraflores,202411,-16.3872085,-13.016820333333328,-3.3703881666666717,3,False
latency,Arequipa,Arequipa,Paucarpata,202411,-16.841227000000003,-14.417101366666671,-2.4241256333333325,5,False
latency,Arequipa,Arequipa,Sachaca,202410,-16.307737666666668,-14.858607733333333,-1.4491299333333352,5,False
latency,Arequipa,Arequipa,Socabaya,202410,-16.57144300000001,-13.57822753333333,-2.9932154666666797,5,False
latency,Arequipa,Arequipa,Tiabaya,202410,-19.200121333333342,-16.21394086666667,-2.9861804666666742,5,False
latency,Arequipa,Arequipa,Yanahuara,202410,-16.07921600000001,-14.753769166666663,-1.3254468333333467,5,False
latency,Ayacucho,Huamanga,Carmen Alto,202505,-3.106517333333329,-1.8486705333333275,-1.2578468000000016,5,False
latency,Callao,Callao,La Perla,202602,-3.807056833333327,-1.5924803666666634,-2.2145764666666636,5,False
latency,Cusco,Cusco,Cusco,202509,-4.076732500000006,-3.3473737083333344,-0.7293587916666713,4,False
latency,Cusco,Cusco,San Jeronimo,202509,-6.497700666666688,-3.9244126666666705,-2.5732880000000176,4,False
latency,Cusco,Cusco,San Sebastian,202509,-6.02619266666666,-2.988402533333333,-3.037790133333327,5,False
latency,Cusco,Cusco,Santiago,202509,-3.3457416666666546,-3.3473737083333344,0.00163204166667974,4,False
latency,Cusco,Cusco,Wanchaq,202509,-3.4796070000000157,-3.312821466666665,-0.16678553333335078,5,False
latency,Cusco,Espinar,Espinar,202602,0.3853647500000008,-1.7596679999999978,2.1450327499999986,5,False
latency,Ica,Chincha,Alto Laran,202406,9.546288500000003,-4.808505566666668,14.35479406666667,5,False
latency,Ica,Chincha,Chincha Alta,202406,9.331806,-4.201700133333338,13.533506133333338,5,False
latency,Ica,Chincha,Chincha Baja,202406,9.610894166666682,-4.001605066666665,13.612499233333347,5,False
latency,Ica,Chincha,El Carmen,202406,12.268098500000008,-4.191545933333333,16.45964443333334,5,False
latency,Ica,Chincha,Pueblo Nuevo,202406,9.073439833333325,-4.163577166666667,13.237016999999991,5,False
latency,Ica,Chincha,Sunampe,202405,10.78984699999998,-3.4059935000000023,14.195840499999983,5,False
latency,Ica,Ica,Ica,202510,-3.910740833333321,-3.3262622999999976,-0.5844785333333236,5,False
latency,Ica,Ica,La Tinguiña,202508,-5.82403466666667,-5.229589333333324,-0.5944453333333453,5,False
latency,Ica,Ica,Parcona,202510,-4.808471999999995,-1.2014422999999979,-3.607029699999997,5,False
latency,Ica,Ica,Subtanjalla,202507,-6.081494333333325,-5.830960366666666,-0.2505339666666586,5,False
latency,Junin,Huancayo,Chilca,202501,-10.586634999999994,-9.444491055555558,-1.1421439444444363,3,False
latency,Junin,Huancayo,El Tambo,202501,-10.885680999999998,-8.139693666666668,-2.7459873333333302,3,False
latency,Junin,Huancayo,Huancayo,202501,-11.511296833333326,-8.486342833333344,-3.0249539999999815,3,False
latency,Junin,Huancayo,Pilcomayo,202501,-9.99121233333333,-8.522240699999998,-1.4689716333333322,5,False
latency,Junin,Huancayo,San Agustin,202412,-12.971449666666665,-8.890067500000004,-4.0813821666666605,5,False
latency,La Libertad,Trujillo,El Porvenir,202412,-12.301125666666664,-12.545317933333326,0.24419226666666205,5,False
latency,La Libertad,Trujillo,La Esperanza,202412,-15.373568333333331,-12.712271299999994,-2.6612970333333372,5,False
latency,La Libertad,Trujillo,Moche,202412,-11.847238499999996,-12.188056400000004,0.3408179000000082,5,False
latency,La Libertad,Trujillo,Trujillo,202412,-14.218576166666658,-13.351042666666666,-0.8675334999999915,5,False
latency,La Libertad,Trujillo,Victor Larco Herrera,202412,-14.314475000000002,-11.647161999999998,-2.6673130000000036,5,False
latency,Lambayeque,Chiclayo,Chiclayo,202412,-12.962469500000012,-13.149302766666661,0.18683326666664968,5,False
latency,Lambayeque,Chiclayo,Jose Leonardo Ortiz,202412,-13.041133166666661,-12.318807299999994,-0.722325866666667,5,False
latency,Lambayeque,Chiclayo,La Victoria,202412,-13.018549833333331,-12.386076766666664,-0.6324730666666678,5,False
latency,Lambayeque,Chiclayo,Pimentel,202412,-13.73649750000002,-12.414252600000001,-1.322244900000019,5,False
latency,Lima,Cañete,Asia,202512,-0.5572911666666656,-1.090409499999994,0.5331183333333285,5,True
latency,Lima,Cañete,Chilca,202510,-6.863706166666667,-4.021892599999996,-2.841813566666671,5,False
latency,Lima,Cañete,Mala,202512,-1.6920148333333316,-1.741187066666663,0.04917223333333132,5,True
latency,Lima,Huaura,Sayan,202602,-0.9786420833333409,1.6645199499999948,-2.6431620333333354,5,False
latency,Lima,Lima,Barranco,202511,-6.962524000000002,-5.138922041666673,-1.8236019583333292,4,False
latency,Lima,Lima,Breña,202512,-2.17980716666667,-4.418493800000002,2.238686633333332,5,True
latency,Lima,Lima,Carabayllo,202512,-2.9735721666666635,-5.642157777777776,2.668585611111112,3,True
latency,Lima,Lima,Independencia,202512,-3.185270833333334,-5.240380000000002,2.055109166666668,5,False
latency,Lima,Lima,Los Olivos,202512,-2.5115504999999985,-4.927171458333332,2.4156209583333332,4,True
latency,Lima,Lima,Puente Piedra,202512,-3.0091493333333332,-4.469044066666666,1.459894733333333,5,False
latency,Lima,Lima,Punta Negra,202504,-7.910646833333331,-3.827110566666666,-4.083536266666665,5,False
latency,Lima,Lima,San Juan De Lurigancho,202512,-1.8674503333333448,-4.444232433333335,2.57678209999999,5,True
latency,Lima,Lima,San Martin De Porres,202512,-2.937590499999999,-4.531051888888889,1.5934613888888904,3,True
latency,Piura,Piura,Castilla,202412,-13.538127166666676,-12.32831993333333,-1.209807233333347,5,False
latency,Piura,Piura,Catacaos,202411,-17.42815633333334,-15.303650433333328,-2.1245059000000133,5,False
latency,Piura,Piura,Veintiseis De Octubre,202412,-15.10216599999999,-12.987779999999997,-2.1143859999999925,5,False
latency,Puno,Chucuito,Desaguadero,202601,-5.496172733333353,0.8065753800000038,-6.302748113333356,5,False
latency,Puno,Melgar,Ayaviri,202602,-0.1625638333333228,0.5252628500000028,-0.6878266833333256,5,False
latency,Puno,Puno,Puno,202511,-5.224442000000003,-1.2952755333333357,-3.9291664666666675,5,False
latency,Puno,San Roman,Caracoto,202511,-4.326460833333314,-2.2014245666666694,-2.125036266666645,5,False
latency,Puno,San Roman,Juliaca,202511,-4.64681933333334,-1.2952755333333357,-3.3515438000000044,5,False
latency,Puno,San Roman,San Miguel,202511,-5.737672666666661,-1.6428094333333405,-4.094863233333321,5,False
latency,Tacna,Candarave,Camilaca,202412,-1.4948881666666693,-12.110624999999999,10.61573683333333,3,False
latency,Tumbes,Tumbes,Tumbes,202511,-0.9111488333333284,-2.456037100000002,1.5448882666666734,5,False
upload,Arequipa,Arequipa,Alto Selva Alegre,202410,-0.20222130000000016,-0.2005382166666668,-0.0016830833333333628,5,False
upload,Arequipa,Arequipa,Cayma,202411,0.327608783333333,-0.0687651800000002,0.3963739633333332,5,False
upload,Arequipa,Arequipa,Jacobo Hunter,202410,-0.15900568333333354,-0.24222404000000006,0.08321835666666652,5,False
upload,Arequipa,Arequipa,Jose Luis Bustamante Y Rivero,202411,-0.372562966666667,-0.12117824333333357,-0.2513847233333334,5,False
upload,Arequipa,Arequipa,Mariano Melgar,202411,-0.031376599999999755,-0.4489522566666667,0.41757565666666696,5,False
upload,Arequipa,Arequipa,Miraflores,202411,0.5257885666666673,-0.28356189444444463,0.809350461111112,3,False
upload,Arequipa,Arequipa,Paucarpata,202411,0.32712815000000006,-0.5069546233333335,0.8340827733333336,5,False
upload,Arequipa,Arequipa,Sachaca,202410,0.041451399999999694,-0.3080575500000001,0.3495089499999998,5,False
upload,Arequipa,Arequipa,Socabaya,202410,-0.44278793333333333,-0.09763844999999982,-0.3451494833333335,5,False
upload,Arequipa,Arequipa,Tiabaya,202410,-0.7860524666666664,0.00638886333333355,-0.7924413299999999,5,False
upload,Arequipa,Arequipa,Yanahuara,202410,-0.30993623333333353,-0.8824110366666666,0.5724748033333331,5,False
upload,Ayacucho,Huamanga,Carmen Alto,202505,0.6443609500000003,-0.14333356666666655,0.7876945166666668,5,False
upload,Callao,Callao,La Perla,202602,-0.36128464166666685,0.04327405166666658,-0.40455869333333344,5,False
upload,Cusco,Cusco,Cusco,202509,0.49311205000000013,0.1442763541666665,0.3488356958333336,4,False
upload,Cusco,Cusco,San Jeronimo,202509,0.42306826666666675,0.12640855416666652,0.2966597125000002,4,False
upload,Cusco,Cusco,San Sebastian,202509,0.5947887999999999,0.12889611999999992,0.46589267999999995,5,False
upload,Cusco,Cusco,Santiago,202509,0.10286988333333325,0.1442763541666665,-0.041406470833333264,4,False
upload,Cusco,Cusco,Wanchaq,202509,0.4806477,-0.06402296666666656,0.5446706666666665,5,False
upload,Cusco,Espinar,Espinar,202602,0.7014139416666669,0.04991985500000027,0.6514940866666666,5,False
upload,Ica,Chincha,Alto Laran,202406,0.3736489333333335,-0.4056969433333329,0.7793458766666663,5,False
upload,Ica,Chincha,Chincha Alta,202406,0.9326381833333328,0.16657016666666652,0.7660680166666662,5,False
upload,Ica,Chincha,Chincha Baja,202406,-0.22298183333333377,-0.2492018666666665,0.026220033333332726,5,False
upload,Ica,Chincha,El Carmen,202406,-0.5223001000000003,-0.13318014333333306,-0.3891199566666672,5,False
upload,Ica,Chincha,Pueblo Nuevo,202406,0.2671742166666662,0.1654805233333331,0.10169369333333309,5,False
upload,Ica,Chincha,Sunampe,202405,0.06938753333333336,-0.05798369333333327,0.12737122666666661,5,False
upload,Ica,Ica,Ica,202510,0.09571870000000038,-0.00681403999999981,0.10253274000000019,5,False
upload,Ica,Ica,La Tinguiña,202508,-0.7392817333333328,-0.23254840000000013,-0.5067333333333327,5,False
upload,Ica,Ica,Parcona,202510,-0.45080321666666645,-0.24302389,-0.20777932666666646,5,False
upload,Ica,Ica,Subtanjalla,202507,-0.24470408333333316,-0.3043002966666668,0.05959621333333365,5,False
upload,Junin,Huancayo,Chilca,202501,0.1462256333333336,-0.46305397222222194,0.6092796055555556,3,False
upload,Junin,Huancayo,El Tambo,202501,-0.02092603333333365,-0.08363377777777758,0.06270774444444394,3,False
upload,Junin,Huancayo,Huancayo,202501,0.07411314999999918,-0.26268562777777776,0.33679877777777695,3,False
upload,Junin,Huancayo,Pilcomayo,202501,-0.40483879999999983,-0.12699940333333357,-0.27783939666666624,5,False
upload,Junin,Huancayo,San Agustin,202412,-0.2993275500000001,-0.3596796700000002,0.060352120000000065,5,False
upload,La Libertad,Trujillo,El Porvenir,202412,0.1444702333333332,-0.20087653666666663,0.3453467699999998,5,False
upload,La Libertad,Trujillo,La Esperanza,202412,-0.07582368333333322,-0.14429967999999976,0.06847599666666654,5,False
upload,La Libertad,Trujillo,Moche,202412,0.5837295833333331,-0.38407216333333327,0.9678017466666664,5,False
upload,La Libertad,Trujillo,Trujillo,202412,-0.2481276333333331,-0.19111629666666669,-0.05701133666666641,5,False
upload,La Libertad,Trujillo,Victor Larco Herrera,202412,0.14395953333333322,-0.41453552333333343,0.5584950566666667,5,False
upload,Lambayeque,Chiclayo,Chiclayo,202412,0.009284633333333403,-0.23315719333333346,0.24244182666666686,5,False
upload,Lambayeque,Chiclayo,Jose Leonardo Ortiz,202412,-0.3500962833333334,-0.3924952066666668,0.042398923333333394,5,False
upload,Lambayeque,Chiclayo,La Victoria,202412,-0.3797785666666669,-0.3249954066666666,-0.054783160000000275,5,False
upload,Lambayeque,Chiclayo,Pimentel,202412,0.009249149999999595,-0.5017911366666665,0.5110402866666661,5,False
upload,Lima,Cañete,Asia,202512,-0.06754618333333307,0.47899479666666667,-0.5465409799999997,5,True
upload,Lima,Cañete,Chilca,202510,0.0305900333333331,0.3707934133333334,-0.3402033800000003,5,False
upload,Lima,Cañete,Mala,202512,0.006752283333334219,0.36198083333333314,-0.3552285499999989,5,True
upload,Lima,Huaura,Sayan,202602,-0.6034761166666668,0.12523674500000004,-0.7287128616666668,5,False
upload,Lima,Lima,Barranco,202511,-0.30298343333333344,-0.054116229166666696,-0.24886720416666674,4,False
upload,Lima,Lima,Breña,202512,0.19608911666666629,-0.03267472333333323,0.22876383999999952,5,True
upload,Lima,Lima,Carabayllo,202512,-0.4263528166666659,0.286471011111111,-0.712823827777777,3,True
upload,Lima,Lima,Independencia,202512,-0.16165291666666626,0.044702736666666534,-0.20635565333333278,5,False
upload,Lima,Lima,Los Olivos,202512,0.21010101666666747,0.17465069583333326,0.035450320833334215,4,True
upload,Lima,Lima,Puente Piedra,202512,0.18273670000000042,0.1817911466666665,0.0009455533333339317,5,False
upload,Lima,Lima,Punta Negra,202504,-0.2692364833333336,-0.025020129999999696,-0.2442163533333339,5,False
upload,Lima,Lima,San Juan De Lurigancho,202512,-0.13393725000000023,0.08864043333333296,-0.2225776833333332,5,True
upload,Lima,Lima,San Martin De Porres,202512,0.2007009833333333,0.18646166111111104,0.014239322222222267,3,True
upload,Piura,Piura,Castilla,202412,0.027893133333332987,-0.32301626333333344,0.35090939666666643,5,False
upload,Piura,Piura,Catacaos,202411,-0.7516343166666668,-0.06843419333333331,-0.6832001233333335,5,False
upload,Piura,Piura,Veintiseis De Octubre,202412,-0.05575828333333366,-0.24503748333333303,0.18927919999999937,5,False
upload,Puno,Chucuito,Desaguadero,202601,-1.0306506666666666,0.4285792906666666,-1.4592299573333332,5,False
upload,Puno,Melgar,Ayaviri,202602,0.2662613583333333,-0.11420501999999999,0.3804663783333333,5,False
upload,Puno,Puno,Puno,202511,0.42640981666666633,0.18993567333333355,0.23647414333333278,5,False
upload,Puno,San Roman,Caracoto,202511,-1.2828436166666666,0.27356190000000014,-1.5564055166666666,5,False
upload,Puno,San Roman,Juliaca,202511,-0.051600933333333376,0.18993567333333355,-0.24153660666666693,5,False
upload,Puno,San Roman,San Miguel,202511,-0.5048977166666662,-0.20433907999999984,-0.3005586366666663,5,False
upload,Tacna,Candarave,Camilaca,202412,-0.8432692333333331,-0.40609775000000004,-0.4371714833333331,3,False
upload,Tumbes,Tumbes,Tumbes,202511,-0.24557085,0.23661739666666676,-0.48218824666666676,5,False
packet_loss,Arequipa,Arequipa,Alto Selva Alegre,202410,-0.24856710999999998,-0.15548013533333335,-0.09308697466666663,5,False
packet_loss,Arequipa,Arequipa,Cayma,202411,-0.29736557500000005,-0.07410508233333328,-0.22326049266666675,5,False
packet_loss,Arequipa,Arequipa,Jacobo Hunter,202410,-0.25134097833333324,-0.1549430576666667,-0.09639792066666655,5,False
packet_loss,Arequipa,Arequipa,Jose Luis Bustamante Y Rivero,202411,-0.21425531333333325,-0.07150784266666668,-0.14274747066666657,5,False
packet_loss,Arequipa,Arequipa,Mariano Melgar,202411,-0.26569103833333335,-0.1218164643333333,-0.14387457400000003,5,False
packet_loss,Arequipa,Arequipa,Miraflores,202411,-0.11946197666666669,-0.032121260555555385,-0.0873407161111113,3,False
packet_loss,Arequipa,Arequipa,Paucarpata,202411,-0.27576296499999986,-0.1291229786666666,-0.14663998633333325,5,False
packet_loss,Arequipa,Arequipa,Sachaca,202410,-0.13305049999999996,-0.180349017,0.04729851700000004,5,False
packet_loss,Arequipa,Arequipa,Socabaya,202410,-0.3059800666666669,-0.0869196689999999,-0.219060397666667,5,False
packet_loss,Arequipa,Arequipa,Tiabaya,202410,-0.20659138333333327,-0.30977837599999997,0.1031869926666667,5,False
packet_loss,Arequipa,Arequipa,Yanahuara,202410,-0.23190496833333352,-0.22329544699999992,-0.008609521333333592,5,False
packet_loss,Ayacucho,Huamanga,Carmen Alto,202505,-0.17550455833333345,-0.09955499366666677,-0.07594956466666668,5,False
packet_loss,Callao,Callao,La Perla,202602,-0.02150305666666663,-0.010498493666666674,-0.011004562999999957,5,False
packet_loss,Cusco,Cusco,Cusco,202509,0.2861503333333335,0.10944037750000002,0.1767099558333335,4,False
packet_loss,Cusco,Cusco,San Jeronimo,202509,0.18243168500000007,0.12106989208333338,0.061361792916666685,4,False
packet_loss,Cusco,Cusco,San Sebastian,202509,0.21198209999999995,0.11411095766666672,0.09787114233333323,5,False
packet_loss,Cusco,Cusco,Santiago,202509,0.31419244000000035,0.10944037750000002,0.20475206250000033,4,False
packet_loss,Cusco,Cusco,Wanchaq,202509,-0.04740912666666652,-0.02659117133333324,-0.020817955333333284,5,False
packet_loss,Cusco,Espinar,Espinar,202602,-0.07109674333333349,0.01481467549999993,-0.08591141883333342,5,False
packet_loss,Ica,Chincha,Alto Laran,202406,-0.17882770999999997,-0.16392521899999996,-0.014902491000000018,5,False
packet_loss,Ica,Chincha,Chincha Alta,202406,-0.1287655316666667,-0.1558393236666667,0.027073791999999985,5,False
packet_loss,Ica,Chincha,Chincha Baja,202406,-0.21361856833333326,-0.14798164699999997,-0.06563692133333329,5,False
packet_loss,Ica,Chincha,El Carmen,202406,-0.143967585,-0.17229124833333329,0.028323663333333277,5,False
packet_loss,Ica,Chincha,Pueblo Nuevo,202406,-0.10583272500000002,-0.10935261933333333,0.003519894333333315,5,False
packet_loss,Ica,Chincha,Sunampe,202405,-0.20819596833333348,-0.21012973066666674,0.0019337623333332554,5,False
packet_loss,Ica,Ica,Ica,202510,0.029286784999999926,-0.028120991333333345,0.05740777633333327,5,False
packet_loss,Ica,Ica,La Tinguiña,202508,-0.1520333766666666,0.077693239,-0.2297266156666666,5,False
packet_loss,Ica,Ica,Parcona,202510,0.07597830999999994,0.13827110833333348,-0.06229279833333354,5,False
packet_loss,Ica,Ica,Subtanjalla,202507,-0.08104971166666664,0.054956287333333353,-0.136005999,5,False
packet_loss,Junin,Huancayo,Chilca,202501,-0.27541766833333337,-0.07858015944444448,-0.1968375088888889,3,False
packet_loss,Junin,Huancayo,El Tambo,202501,-0.3018260883333333,0.028792067222222235,-0.3306181555555555,3,False
packet_loss,Junin,Huancayo,Huancayo,202501,-0.23446743333333325,-0.05991125277777772,-0.17455618055555552,3,False
packet_loss,Junin,Huancayo,Pilcomayo,202501,-0.2229693816666668,-0.28252285233333324,0.05955347066666644,5,False
packet_loss,Junin,Huancayo,San Agustin,202412,-0.25750341333333326,-0.07473212533333326,-0.182771288,5,False
packet_loss,La Libertad,Trujillo,El Porvenir,202412,-0.17819910500000002,-0.0025201243333333847,-0.17567898066666665,5,False
packet_loss,La Libertad,Trujillo,La Esperanza,202412,-0.3616126266666666,-0.05678252800000007,-0.30483009866666655,5,False
packet_loss,La Libertad,Trujillo,Moche,202412,-0.10818170333333327,0.05160573666666666,-0.15978743999999992,5,False
packet_loss,La Libertad,Trujillo,Trujillo,202412,-0.20968380333333342,-0.03036243533333329,-0.17932136800000012,5,False
packet_loss,La Libertad,Trujillo,Victor Larco Herrera,202412,-0.14022456666666666,0.07597532199999998,-0.21619988866666665,5,False
packet_loss,Lambayeque,Chiclayo,Chiclayo,202412,-0.14665273499999992,-0.04316102399999998,-0.10349171099999994,5,False
packet_loss,Lambayeque,Chiclayo,Jose Leonardo Ortiz,202412,-0.0074113849999999926,-0.0009672383333333312,-0.0064441466666666615,5,False
packet_loss,Lambayeque,Chiclayo,La Victoria,202412,-0.06642186,-0.0643339166666667,-0.0020879433333333003,5,False
packet_loss,Lambayeque,Chiclayo,Pimentel,202412,-0.20577157333333346,-0.037850290333333314,-0.16792128300000014,5,False
packet_loss,Lima,Cañete,Asia,202512,0.0644300966666666,0.11706282666666668,-0.05263273000000007,5,True
packet_loss,Lima,Cañete,Chilca,202510,0.10128559666666637,0.06256318366666666,0.038722412999999706,5,False
packet_loss,Lima,Cañete,Mala,202512,-0.0450515316666667,0.05504578333333334,-0.10009731500000005,5,True
packet_loss,Lima,Huaura,Sayan,202602,-0.2636528675,0.0118368673333334,-0.2754897348333334,5,False
packet_loss,Lima,Lima,Barranco,202511,0.041944244999999936,0.12530854833333335,-0.08336430333333342,4,False
packet_loss,Lima,Lima,Breña,202512,0.11141332500000001,-0.00030224033333330346,0.11171556533333331,5,True
packet_loss,Lima,Lima,Carabayllo,202512,-0.01429969666666675,-0.016255506111111057,0.001955809444444307,3,True
packet_loss,Lima,Lima,Independencia,202512,-0.11696483833333327,0.038094502666666676,-0.15505934099999993,5,False
packet_loss,Lima,Lima,Los Olivos,202512,-0.19582550333333343,-0.004459003333333253,-0.19136650000000016,4,True
packet_loss,Lima,Lima,Puente Piedra,202512,-0.18283360166666673,0.014818913000000055,-0.19765251466666678,5,False
packet_loss,Lima,Lima,Punta Negra,202504,-0.03812670000000001,-0.15046892133333334,0.11234222133333333,5,False
packet_loss,Lima,Lima,San Juan De Lurigancho,202512,-0.09240364833333337,0.0419206116666667,-0.13432426000000006,5,True
packet_loss,Lima,Lima,San Martin De Porres,202512,-0.10307679166666667,0.027364776111111173,-0.13044156777777785,3,True
packet_loss,Piura,Piura,Castilla,202412,-0.20171341999999992,-0.018116684333333334,-0.1835967356666666,5,False
packet_loss,Piura,Piura,Catacaos,202411,-0.2516952316666667,0.004540682666666684,-0.25623591433333337,5,False
packet_loss,Piura,Piura,Veintiseis De Octubre,202412,-0.2510416399999999,-0.11768159766666672,-0.13336004233333318,5,False
packet_loss,Puno,Chucuito,Desaguadero,202601,-0.23842802733333313,0.011894182666666687,-0.2503222099999998,5,False
packet_loss,Puno,Melgar,Ayaviri,202602,-0.06450625666666665,0.03656954450000001,-0.10107580116666666,5,False
packet_loss,Puno,Puno,Puno,202511,-0.18199021333333337,0.0699693656666667,-0.2519595790000001,5,False
packet_loss,Puno,San Roman,Caracoto,202511,-0.12121298666666669,0.054303679333333355,-0.17551666600000004,5,False
packet_loss,Puno,San Roman,Juliaca,202511,-0.2717473016666667,0.0699693656666667,-0.3417166673333334,5,False
packet_loss,Puno,San Roman,San Miguel,202511,-0.20926800499999998,0.012661008666666662,-0.22192901366666665,5,False
packet_loss,Tacna,Candarave,Camilaca,202412,-0.7991423233333332,-0.4824676427777777,-0.31667468055555553,3,False
packet_loss,Tumbes,Tumbes,Tumbes,202511,-0.022996600000000034,0.005346605666666715,-0.02834320566666675,5,False
