treated_ubigeo,treated_dept,treated_prov,treated_dist,treated_bp,treated_region3,treated_pre6_4g,treated_post6_4g,treated_log10_pop,treated_altitud_m,control_key,control_region3,control_pre6_4g,control_post6_4g,control_delta,control_log10_pop,control_altitud_m,mahal_dist,caliper_level
40102,Arequipa,Arequipa,Alto Selva Alegre,202410,Sierra,9.7304185,11.324420166666668,4.933841462898721,2510.0,APURIMAC|ABANCAY|ABANCAY,Sierra,9.300923249999999,9.292883166666666,-0.008040083333332504,4.839025290430942,2500.0,0.85044529805207,standard
40102,Arequipa,Arequipa,Alto Selva Alegre,202410,Sierra,9.7304185,11.324420166666668,4.933841462898721,2510.0,CAJAMARCA|CHOTA|CHOTA,Sierra,9.865779916666668,9.49020375,-0.3755761666666686,4.674668282190568,2430.0,1.2353224265553786,standard
40102,Arequipa,Arequipa,Alto Selva Alegre,202410,Sierra,9.7304185,11.324420166666668,4.933841462898721,2510.0,CAJAMARCA|HUALGAYOC|BAMBAMARCA,Sierra,8.880917166666666,9.050657166666666,0.1697399999999991,4.777521066390996,2556.0,1.8013582536073909,standard
40102,Arequipa,Arequipa,Alto Selva Alegre,202410,Sierra,9.7304185,11.324420166666668,4.933841462898721,2510.0,CAJAMARCA|CAJAMARCA|CAJAMARCA,Sierra,9.69157825,8.5636425,-1.127935749999999,5.339930193210941,2731.0,2.28514306828776,standard
40102,Arequipa,Arequipa,Alto Selva Alegre,202410,Sierra,9.7304185,11.324420166666668,4.933841462898721,2510.0,CAJAMARCA|CUTERVO|CUTERVO,Sierra,8.9234236,7.127116183333334,-1.7963074166666653,4.706760441781998,2665.0,2.326241651532668,standard
40103,Arequipa,Arequipa,Cayma,202411,Sierra,9.984859,11.345640416666669,4.963480880407792,2531.0,CAJAMARCA|CHOTA|CHOTA,Sierra,10.04457425,9.208769416666666,-0.8358048333333343,4.674668282190568,2430.0,1.0369703207590912,standard
40103,Arequipa,Arequipa,Cayma,202411,Sierra,9.984859,11.345640416666669,4.963480880407792,2531.0,APURIMAC|ABANCAY|ABANCAY,Sierra,9.444974916666668,9.215985666666667,-0.22898925000000148,4.839025290430942,2500.0,1.3499018721912739,standard
40103,Arequipa,Arequipa,Cayma,202411,Sierra,9.984859,11.345640416666669,4.963480880407792,2531.0,CAJAMARCA|CAJAMARCA|CAJAMARCA,Sierra,9.532845333333333,8.57484025,-0.9580050833333331,5.339930193210941,2731.0,1.5803455002336892,standard
40103,Arequipa,Arequipa,Cayma,202411,Sierra,9.984859,11.345640416666669,4.963480880407792,2531.0,AMAZONAS|CHACHAPOYAS|CHACHAPOYAS,Sierra,10.829541166666667,10.069022166666668,-0.7605189999999986,4.5130710342563365,2483.0,1.9875403565346343,standard
40103,Arequipa,Arequipa,Cayma,202411,Sierra,9.984859,11.345640416666669,4.963480880407792,2531.0,AYACUCHO|HUAMANGA|AYACUCHO,Sierra,10.039019166666666,10.306825916666666,0.2678067500000001,4.997504335692494,2797.0,2.12622674348426,standard
40107,Arequipa,Arequipa,Jacobo Hunter,202410,Sierra,9.24404475,10.061394,4.700392159175647,2309.0,CAJAMARCA|CHOTA|CHOTA,Sierra,9.865779916666668,9.49020375,-0.3755761666666686,4.674668282190568,2430.0,1.5238399720343487,standard
40107,Arequipa,Arequipa,Jacobo Hunter,202410,Sierra,9.24404475,10.061394,4.700392159175647,2309.0,APURIMAC|ABANCAY|ABANCAY,Sierra,9.300923249999999,9.292883166666666,-0.008040083333332504,4.839025290430942,2500.0,1.906919748799888,standard
40107,Arequipa,Arequipa,Jacobo Hunter,202410,Sierra,9.24404475,10.061394,4.700392159175647,2309.0,CAJAMARCA|HUALGAYOC|BAMBAMARCA,Sierra,8.880917166666666,9.050657166666666,0.1697399999999991,4.777521066390996,2556.0,2.5040647529721025,standard
40107,Arequipa,Arequipa,Jacobo Hunter,202410,Sierra,9.24404475,10.061394,4.700392159175647,2309.0,CAJAMARCA|CAJABAMBA|CAJABAMBA,Sierra,9.418442833333332,9.855692,0.4372491666666676,4.494460719390827,2686.0,3.2345438338646932,standard
40107,Arequipa,Arequipa,Jacobo Hunter,202410,Sierra,9.24404475,10.061394,4.700392159175647,2309.0,CAJAMARCA|CUTERVO|CUTERVO,Sierra,8.9234236,7.127116183333334,-1.7963074166666653,4.706760441781998,2665.0,3.2548113134102428,standard
40109,Arequipa,Arequipa,Mariano Melgar,202411,Sierra,9.7935575,11.282756416666668,4.7775573086390075,2459.0,CAJAMARCA|CHOTA|CHOTA,Sierra,10.04457425,9.208769416666666,-0.8358048333333343,4.674668282190568,2430.0,0.6929019445195252,standard
40109,Arequipa,Arequipa,Mariano Melgar,202411,Sierra,9.7935575,11.282756416666668,4.7775573086390075,2459.0,APURIMAC|ABANCAY|ABANCAY,Sierra,9.444974916666668,9.215985666666667,-0.22898925000000148,4.839025290430942,2500.0,0.7747547693368682,standard
40109,Arequipa,Arequipa,Mariano Melgar,202411,Sierra,9.7935575,11.282756416666668,4.7775573086390075,2459.0,CAJAMARCA|HUALGAYOC|BAMBAMARCA,Sierra,8.901066333333334,8.896077666666667,-0.0049886666666676405,4.777521066390996,2556.0,1.9402988048519023,standard
40109,Arequipa,Arequipa,Mariano Melgar,202411,Sierra,9.7935575,11.282756416666668,4.7775573086390075,2459.0,AYACUCHO|HUANTA|HUANTA,Sierra,10.092878083333334,10.532725666666668,0.43984758333333396,4.596783966965698,2684.0,2.0402271797257656,standard
40109,Arequipa,Arequipa,Mariano Melgar,202411,Sierra,9.7935575,11.282756416666668,4.7775573086390075,2459.0,CAJAMARCA|CUTERVO|CUTERVO,Sierra,8.881276766666666,6.980603833333333,-1.9006729333333325,4.706760441781998,2665.0,2.700521107814597,standard
40110,Arequipa,Arequipa,Miraflores,202411,Sierra,11.5843455,11.827727166666667,4.782393784678972,2450.0,AYACUCHO|HUAMANGA|SAN JUAN BAUTISTA,Sierra,10.996906666666668,10.189561,-0.8073456666666683,4.6904973227193505,2786.0,5.316798155942182,standard
40110,Arequipa,Arequipa,Miraflores,202411,Sierra,11.5843455,11.827727166666667,4.782393784678972,2450.0,AMAZONAS|CHACHAPOYAS|CHACHAPOYAS,Sierra,10.829541166666667,10.069022166666668,-0.7605189999999986,4.5130710342563365,2483.0,5.454489120760151,standard
40110,Arequipa,Arequipa,Miraflores,202411,Sierra,11.5843455,11.827727166666667,4.782393784678972,2450.0,CUSCO|URUBAMBA|URUBAMBA,Sierra,11.338742000000002,10.014993166666667,-1.323748833333335,4.302806962741421,2885.0,6.729137446889592,standard
40112,Arequipa,Arequipa,Paucarpata,202411,Sierra,9.478909166666666,10.11965525,5.118416851355973,2453.0,APURIMAC|ABANCAY|ABANCAY,Sierra,9.444974916666668,9.215985666666667,-0.22898925000000148,4.839025290430942,2500.0,1.845387675303952,standard
40112,Arequipa,Arequipa,Paucarpata,202411,Sierra,9.478909166666666,10.11965525,5.118416851355973,2453.0,CAJAMARCA|CAJAMARCA|CAJAMARCA,Sierra,9.532845333333333,8.57484025,-0.9580050833333331,5.339930193210941,2731.0,2.0418686095545686,standard
40112,Arequipa,Arequipa,Paucarpata,202411,Sierra,9.478909166666666,10.11965525,5.118416851355973,2453.0,CAJAMARCA|HUALGAYOC|BAMBAMARCA,Sierra,8.901066333333334,8.896077666666667,-0.0049886666666676405,4.777521066390996,2556.0,2.6014497063387148,standard
40112,Arequipa,Arequipa,Paucarpata,202411,Sierra,9.478909166666666,10.11965525,5.118416851355973,2453.0,CAJAMARCA|CHOTA|CHOTA,Sierra,10.04457425,9.208769416666666,-0.8358048333333343,4.674668282190568,2430.0,2.821065655316568,standard
40112,Arequipa,Arequipa,Paucarpata,202411,Sierra,9.478909166666666,10.11965525,5.118416851355973,2453.0,CAJAMARCA|CUTERVO|CUTERVO,Sierra,8.881276766666666,6.980603833333333,-1.9006729333333325,4.706760441781998,2665.0,3.8041747159444554,standard
40117,Arequipa,Arequipa,Sachaca,202410,Sierra,9.195857833333331,10.607178499999998,4.384263785722803,2300.0,APURIMAC|ABANCAY|TAMBURCO,Sierra,8.784304166666665,10.892588583333334,2.1082844166666685,4.035869813695553,2620.0,3.008094839091836,standard
40117,Arequipa,Arequipa,Sachaca,202410,Sierra,9.195857833333331,10.607178499999998,4.384263785722803,2300.0,CAJAMARCA|CHOTA|CHOTA,Sierra,9.865779916666668,9.49020375,-0.3755761666666686,4.674668282190568,2430.0,3.4194376827069113,standard
40117,Arequipa,Arequipa,Sachaca,202410,Sierra,9.195857833333331,10.607178499999998,4.384263785722803,2300.0,APURIMAC|ABANCAY|ABANCAY,Sierra,9.300923249999999,9.292883166666666,-0.008040083333332504,4.839025290430942,2500.0,3.6558083775958963,standard
40117,Arequipa,Arequipa,Sachaca,202410,Sierra,9.195857833333331,10.607178499999998,4.384263785722803,2300.0,CAJAMARCA|HUALGAYOC|BAMBAMARCA,Sierra,8.880917166666666,9.050657166666666,0.1697399999999991,4.777521066390996,2556.0,3.7980355738752465,standard
40117,Arequipa,Arequipa,Sachaca,202410,Sierra,9.195857833333331,10.607178499999998,4.384263785722803,2300.0,CAJAMARCA|CUTERVO|CUTERVO,Sierra,8.9234236,7.127116183333334,-1.7963074166666653,4.706760441781998,2665.0,4.716104737352101,standard
40122,Arequipa,Arequipa,Socabaya,202410,Sierra,11.173927583333333,10.033349666666666,4.87708902030825,2352.0,CAJAMARCA|CAJAMARCA|LOS BAÑOS DEL INCA,Sierra,11.298516833333336,10.126884666666667,-1.1716321666666687,4.664162294761991,2685.0,1.268422102230073,standard
40122,Arequipa,Arequipa,Socabaya,202410,Sierra,11.173927583333333,10.033349666666666,4.87708902030825,2352.0,AYACUCHO|HUAMANGA|SAN JUAN BAUTISTA,Sierra,11.147398166666667,10.342259833333332,-0.8051383333333355,4.6904973227193505,2786.0,1.3131382280277835,standard
40122,Arequipa,Arequipa,Socabaya,202410,Sierra,11.173927583333333,10.033349666666666,4.87708902030825,2352.0,HUANUCO|HUANUCO|HUANUCO,Sierra,10.558046166666665,11.13115,0.5731038333333345,4.951832740112103,1921.0,1.7711475633283633,standard
40122,Arequipa,Arequipa,Socabaya,202410,Sierra,11.173927583333333,10.033349666666666,4.87708902030825,2352.0,HUANUCO|HUANUCO|AMARILIS,Sierra,10.533953833333333,11.088350499999999,0.5543966666666655,4.910949737100534,1950.0,1.975152991033262,standard
40122,Arequipa,Arequipa,Socabaya,202410,Sierra,11.173927583333333,10.033349666666666,4.87708902030825,2352.0,AMAZONAS|CHACHAPOYAS|CHACHAPOYAS,Sierra,11.287110833333335,9.944228,-1.3428828333333342,4.5130710342563365,2483.0,3.1999127636436344,standard
40123,Arequipa,Arequipa,Tiabaya,202410,Costa,8.894516,10.487080166666669,4.209273672784876,2218.0,AREQUIPA|AREQUIPA|LA JOYA,Costa,9.974858333333334,10.080727000000001,0.10586866666666772,4.50540776414594,1575.0,1.9032742156226974,relaxed
40123,Arequipa,Arequipa,Tiabaya,202410,Costa,8.894516,10.487080166666669,4.209273672784876,2218.0,ANCASH|HUAYLAS|CARAZ,Costa,6.9927497333333335,7.586587416666666,0.5938376833333328,4.38252132418968,2273.0,1.9991419451996,relaxed
40123,Arequipa,Arequipa,Tiabaya,202410,Costa,8.894516,10.487080166666669,4.209273672784876,2218.0,MOQUEGUA|MARISCAL NIETO|MOQUEGUA,Costa,9.785375666666667,9.939053833333334,0.15367816666666734,4.8182786921651,1428.0,2.2143739787745202,relaxed
40123,Arequipa,Arequipa,Tiabaya,202410,Costa,8.894516,10.487080166666669,4.209273672784876,2218.0,CAJAMARCA|SANTA CRUZ|SANTA CRUZ,Costa,8.440407166666667,9.317918666666666,0.8775114999999989,3.965013450272248,2036.0,2.622318345108054,relaxed
40123,Arequipa,Arequipa,Tiabaya,202410,Costa,8.894516,10.487080166666669,4.209273672784876,2218.0,AREQUIPA|CAYLLOMA|MAJES,Costa,8.134513283333334,8.646898866666668,0.5123855833333337,4.778932277737139,1392.0,3.8434211526331055,relaxed
40126,Arequipa,Arequipa,Yanahuara,202410,Sierra,12.855279416666669,12.90593375,4.40512428892715,2402.0,CAJAMARCA|CAJAMARCA|LOS BAÑOS DEL INCA,Sierra,11.298516833333336,10.126884666666667,-1.1716321666666687,4.664162294761991,2685.0,8.515025749559513,relaxed
40126,Arequipa,Arequipa,Yanahuara,202410,Sierra,12.855279416666669,12.90593375,4.40512428892715,2402.0,AYACUCHO|HUAMANGA|SAN JUAN BAUTISTA,Sierra,11.147398166666667,10.342259833333332,-0.8051383333333355,4.6904973227193505,2786.0,8.90282115675726,relaxed
40126,Arequipa,Arequipa,Yanahuara,202410,Sierra,12.855279416666669,12.90593375,4.40512428892715,2402.0,CUSCO|URUBAMBA|MACHUPICCHU,Sierra,12.787450166666666,12.2236495,-0.5638006666666655,3.728110184100341,2092.0,9.043848643555796,relaxed
40126,Arequipa,Arequipa,Yanahuara,202410,Sierra,12.855279416666669,12.90593375,4.40512428892715,2402.0,CUSCO|URUBAMBA|URUBAMBA,Sierra,11.448396666666667,10.0587065,-1.389690166666668,4.302806962741421,2885.0,9.588261230217302,relaxed
40126,Arequipa,Arequipa,Yanahuara,202410,Sierra,12.855279416666669,12.90593375,4.40512428892715,2402.0,JUNIN|TARMA|ACOBAMBA,Sierra,11.72437775,10.996596166666665,-0.7277815833333356,3.9777236052888476,2961.0,10.125648438295938,relaxed
40129,Arequipa,Arequipa,Jose Luis Bustamante Y Rivero,202411,Sierra,9.836228,10.856661166666669,4.912907243866607,2389.0,APURIMAC|ABANCAY|ABANCAY,Sierra,9.444974916666668,9.215985666666667,-0.22898925000000148,4.839025290430942,2500.0,0.6937178652566017,standard
40129,Arequipa,Arequipa,Jose Luis Bustamante Y Rivero,202411,Sierra,9.836228,10.856661166666669,4.912907243866607,2389.0,CAJAMARCA|CHOTA|CHOTA,Sierra,10.04457425,9.208769416666666,-0.8358048333333343,4.674668282190568,2430.0,1.0298731248126782,standard
40129,Arequipa,Arequipa,Jose Luis Bustamante Y Rivero,202411,Sierra,9.836228,10.856661166666669,4.912907243866607,2389.0,HUANUCO|HUANUCO|AMARILIS,Sierra,10.458091833333334,11.439716833333334,0.9816249999999993,4.910949737100534,1950.0,1.5038125684463597,standard
40129,Arequipa,Arequipa,Jose Luis Bustamante Y Rivero,202411,Sierra,9.836228,10.856661166666669,4.912907243866607,2389.0,HUANUCO|HUANUCO|HUANUCO,Sierra,10.384752833333334,11.429738666666667,1.0449858333333335,4.951832740112103,1921.0,1.5771625447988205,standard
40129,Arequipa,Arequipa,Jose Luis Bustamante Y Rivero,202411,Sierra,9.836228,10.856661166666669,4.912907243866607,2389.0,CAJAMARCA|HUALGAYOC|BAMBAMARCA,Sierra,8.901066333333334,8.896077666666667,-0.0049886666666676405,4.777521066390996,2556.0,1.608397001876942,standard
50104,Ayacucho,Huamanga,Carmen Alto,202505,Sierra,9.471561,11.225062916666667,4.451049197579129,2921.0,CUSCO|URUBAMBA|URUBAMBA,Sierra,10.014993166666667,10.405421333333331,0.39042816666666447,4.302806962741421,2885.0,1.0616624044222611,standard
50104,Ayacucho,Huamanga,Carmen Alto,202505,Sierra,9.471561,11.225062916666667,4.451049197579129,2921.0,CAJAMARCA|CAJABAMBA|CAJABAMBA,Sierra,10.0662675,9.674574333333334,-0.3916931666666663,4.494460719390827,2686.0,1.1186148908842646,standard
50104,Ayacucho,Huamanga,Carmen Alto,202505,Sierra,9.471561,11.225062916666667,4.451049197579129,2921.0,LA LIBERTAD|OTUZCO|OTUZCO,Sierra,9.0722175,9.966161666666666,0.8939441666666657,4.383258681708175,2700.0,1.3003610059035926,standard
50104,Ayacucho,Huamanga,Carmen Alto,202505,Sierra,9.471561,11.225062916666667,4.451049197579129,2921.0,AYACUCHO|HUAMANGA|SAN JUAN BAUTISTA,Sierra,10.189561,10.434875,0.24531400000000048,4.6904973227193505,2786.0,1.3395996258738199,standard
50104,Ayacucho,Huamanga,Carmen Alto,202505,Sierra,9.471561,11.225062916666667,4.451049197579129,2921.0,ANCASH|HUARI|SAN MARCOS,Sierra,8.624782333333334,10.690226500000001,2.0654441666666674,4.231291146418349,2988.0,1.5245116508205072,standard
70104,Callao,Callao,La Perla,202602,Costa,13.285471666666666,14.777174875,4.788288598898554,37.0,LIMA|LIMA|MIRAFLORES,Costa,12.973175166666666,14.202134249999999,1.2289590833333328,4.997111040065091,125.0,1.9791522817129235,standard
70104,Callao,Callao,La Perla,202602,Costa,13.285471666666666,14.777174875,4.788288598898554,37.0,LIMA|LIMA|SURQUILLO,Costa,13.392157333333332,13.954505000000001,0.5623476666666694,4.9591511451889945,125.0,2.1086335841919643,standard
70104,Callao,Callao,La Perla,202602,Costa,13.285471666666666,14.777174875,4.788288598898554,37.0,LIMA|LIMA|CIENEGUILLA,Costa,13.287883333333333,13.07442525,-0.21345808333333238,4.540129177551348,287.0,3.392266746789921,standard
70104,Callao,Callao,La Perla,202602,Costa,13.285471666666666,14.777174875,4.788288598898554,37.0,LIMA|LIMA|SAN BORJA,Costa,13.580457666666668,14.290155250000002,0.7096975833333339,5.054026706042903,170.0,3.5265118490826484,standard
70104,Callao,Callao,La Perla,202602,Costa,13.285471666666666,14.777174875,4.788288598898554,37.0,LIMA|LIMA|LA MOLINA,Costa,12.948180666666666,16.010077,3.0618963333333333,5.14822927252502,262.0,4.300411839951188,standard
80101,Cusco,Cusco,Cusco,202509,Sierra,8.325551416666668,11.494709916666666,5.059298292408071,3439.0,LA LIBERTAD|SANCHEZ CARRION|HUAMACHUCO,Sierra,7.958065566666668,8.817722333333334,0.8596567666666663,4.825439100966339,3183.0,12.434575686561343,standard
80101,Cusco,Cusco,Cusco,202509,Sierra,8.325551416666668,11.494709916666666,5.059298292408071,3439.0,HUANCAVELICA|HUANCAVELICA|HUANCAVELICA,Sierra,8.28979925,9.487047666666667,1.1972484166666675,4.599621106961551,3746.0,13.236245959991445,standard
80101,Cusco,Cusco,Cusco,202509,Sierra,8.325551416666668,11.494709916666666,5.059298292408071,3439.0,CUSCO|CANCHIS|SICUANI,Sierra,7.4290797333333325,8.658755083333334,1.2296753500000017,4.76213066217665,3593.0,14.440535102363294,standard
80101,Cusco,Cusco,Cusco,202509,Sierra,8.325551416666668,11.494709916666666,5.059298292408071,3439.0,JUNIN|TARMA|TARMA,Sierra,8.535599416666667,8.556181333333333,0.02058191666666609,4.679200695727051,3094.0,14.521291534053555,standard
80104,Cusco,Cusco,San Jeronimo,202509,Sierra,8.762957766666666,12.226203416666666,4.756445920162273,3289.0,JUNIN|TARMA|TARMA,Sierra,8.535599416666667,8.556181333333333,0.02058191666666609,4.679200695727051,3094.0,0.791407921852789,standard
80104,Cusco,Cusco,San Jeronimo,202509,Sierra,8.762957766666666,12.226203416666666,4.756445920162273,3289.0,HUANCAVELICA|HUANCAVELICA|HUANCAVELICA,Sierra,8.28979925,9.487047666666667,1.1972484166666675,4.599621106961551,3746.0,2.499053198786652,standard
80104,Cusco,Cusco,San Jeronimo,202509,Sierra,8.762957766666666,12.226203416666666,4.756445920162273,3289.0,LA LIBERTAD|SANCHEZ CARRION|HUAMACHUCO,Sierra,7.958065566666668,8.817722333333334,0.8596567666666663,4.825439100966339,3183.0,2.907444465560839,standard
80104,Cusco,Cusco,San Jeronimo,202509,Sierra,8.762957766666666,12.226203416666666,4.756445920162273,3289.0,CUSCO|CALCA|CALCA,Sierra,7.8366622,8.496090783333333,0.6594285833333329,4.3144571227346775,2955.0,3.1015430770121277,standard
80105,Cusco,Cusco,San Sebastian,202509,Sierra,9.034160000000002,11.292797166666665,5.051291474450456,3578.0,CUSCO|CANCHIS|SICUANI,Sierra,7.4290797333333325,8.658755083333334,1.2296753500000017,4.76213066217665,3593.0,1.5260699988977255,relaxed
80105,Cusco,Cusco,San Sebastian,202509,Sierra,9.034160000000002,11.292797166666665,5.051291474450456,3578.0,HUANCAVELICA|HUANCAVELICA|HUANCAVELICA,Sierra,8.28979925,9.487047666666667,1.1972484166666675,4.599621106961551,3746.0,1.6111109255941374,relaxed
80105,Cusco,Cusco,San Sebastian,202509,Sierra,9.034160000000002,11.292797166666665,5.051291474450456,3578.0,LA LIBERTAD|SANCHEZ CARRION|HUAMACHUCO,Sierra,7.958065566666668,8.817722333333334,0.8596567666666663,4.825439100966339,3183.0,1.688910042488784,relaxed
80105,Cusco,Cusco,San Sebastian,202509,Sierra,9.034160000000002,11.292797166666665,5.051291474450456,3578.0,ANCASH|HUARAZ|INDEPENDENCIA,Sierra,10.658553166666668,10.787655583333333,0.12910241666666522,4.881316168666469,3046.0,1.8177656759648435,relaxed
80105,Cusco,Cusco,San Sebastian,202509,Sierra,9.034160000000002,11.292797166666665,5.051291474450456,3578.0,JUNIN|TARMA|TARMA,Sierra,8.535599416666667,8.556181333333333,0.02058191666666609,4.679200695727051,3094.0,1.9313229804612073,relaxed
80106,Cusco,Cusco,Santiago,202509,Sierra,7.702801483333332,10.441906666666666,4.976606719266922,3464.0,LA LIBERTAD|SANCHEZ CARRION|HUAMACHUCO,Sierra,7.958065566666668,8.817722333333334,0.8596567666666663,4.825439100966339,3183.0,5.979063200068682,standard
80106,Cusco,Cusco,Santiago,202509,Sierra,7.702801483333332,10.441906666666666,4.976606719266922,3464.0,HUANCAVELICA|HUANCAVELICA|HUANCAVELICA,Sierra,8.28979925,9.487047666666667,1.1972484166666675,4.599621106961551,3746.0,7.010668073683862,standard
80106,Cusco,Cusco,Santiago,202509,Sierra,7.702801483333332,10.441906666666666,4.976606719266922,3464.0,CUSCO|CANCHIS|SICUANI,Sierra,7.4290797333333325,8.658755083333334,1.2296753500000017,4.76213066217665,3593.0,7.893568650501746,standard
80106,Cusco,Cusco,Santiago,202509,Sierra,7.702801483333332,10.441906666666666,4.976606719266922,3464.0,JUNIN|TARMA|TARMA,Sierra,8.535599416666667,8.556181333333333,0.02058191666666609,4.679200695727051,3094.0,8.239330872224523,standard
80108,Cusco,Cusco,Wanchaq,202509,Sierra,9.495076833333332,11.983264833333337,4.767460136799047,3424.0,HUANCAVELICA|HUANCAVELICA|HUANCAVELICA,Sierra,8.28979925,9.487047666666667,1.1972484166666675,4.599621106961551,3746.0,1.310594814739074,relaxed
80108,Cusco,Cusco,Wanchaq,202509,Sierra,9.495076833333332,11.983264833333337,4.767460136799047,3424.0,ANCASH|HUARAZ|INDEPENDENCIA,Sierra,10.658553166666668,10.787655583333333,0.12910241666666522,4.881316168666469,3046.0,1.3218805602898578,relaxed
80108,Cusco,Cusco,Wanchaq,202509,Sierra,9.495076833333332,11.983264833333337,4.767460136799047,3424.0,JUNIN|TARMA|TARMA,Sierra,8.535599416666667,8.556181333333333,0.02058191666666609,4.679200695727051,3094.0,1.4560756965660633,relaxed
80108,Cusco,Cusco,Wanchaq,202509,Sierra,9.495076833333332,11.983264833333337,4.767460136799047,3424.0,ANCASH|HUARAZ|HUARAZ,Sierra,11.10485,12.198893666666669,1.0940436666666677,4.784588766606927,3073.0,1.6617121057218205,relaxed
80108,Cusco,Cusco,Wanchaq,202509,Sierra,9.495076833333332,11.983264833333337,4.767460136799047,3424.0,AYACUCHO|HUAMANGA|SAN JUAN BAUTISTA,Sierra,10.151257666666666,10.992579333333333,0.8413216666666674,4.6904973227193505,2786.0,1.7251157645036062,relaxed
80801,Cusco,Espinar,Espinar,202602,Sierra,11.888880416666666,12.03818825,4.542339840842044,3976.0,JUNIN|YAULI|LA OROYA,Sierra,11.786325083333333,12.774821249999999,0.9884961666666658,4.146778989307833,3757.0,1.449429140777488,relaxed
80801,Cusco,Espinar,Espinar,202602,Sierra,11.888880416666666,12.03818825,4.542339840842044,3976.0,ANCASH|HUARAZ|INDEPENDENCIA,Sierra,10.788488583333335,10.55730275,-0.23118583333333476,4.881316168666469,3046.0,1.727520590546084,relaxed
80801,Cusco,Espinar,Espinar,202602,Sierra,11.888880416666666,12.03818825,4.542339840842044,3976.0,PASCO|PASCO|HUAYLLAY,Sierra,13.34858825,12.98670075,-0.3618874999999999,3.9812294874200007,4341.0,1.8037754034146738,relaxed
80801,Cusco,Espinar,Espinar,202602,Sierra,11.888880416666666,12.03818825,4.542339840842044,3976.0,ANCASH|HUARAZ|HUARAZ,Sierra,12.135466666666666,12.615342250000001,0.47987558333333524,4.784588766606927,3073.0,2.129585117225156,relaxed
80801,Cusco,Espinar,Espinar,202602,Sierra,11.888880416666666,12.03818825,4.542339840842044,3976.0,JUNIN|YAULI|YAULI,Sierra,11.162386083333331,10.6621945,-0.500191583333331,3.727622577969137,4137.0,2.3412511741656052,relaxed
110101,Ica,Ica,Ica,202510,Costa,10.621536166666669,11.624691416666666,5.176901186391347,432.0,TACNA|TACNA|TACNA,Costa,9.885733833333333,10.388124750000001,0.502390916666668,4.968352173538501,583.0,1.2780464511792473,standard
110101,Ica,Ica,Ica,202510,Costa,10.621536166666669,11.624691416666666,5.176901186391347,432.0,PIURA|MORROPON|CHULUCANAS,Costa,10.639925666666667,10.976274000000002,0.33634833333333525,4.916564482168909,135.0,1.436412288618286,standard
110101,Ica,Ica,Ica,202510,Costa,10.621536166666669,11.624691416666666,5.176901186391347,432.0,PIURA|PIURA|TAMBO GRANDE,Costa,10.447819166666667,10.7123315,0.26451233333333235,5.031388264038504,76.0,1.7713860617154582,standard
110101,Ica,Ica,Ica,202510,Costa,10.621536166666669,11.624691416666666,5.176901186391347,432.0,LIMA|HUAURA|HUACHO,Costa,10.8193135,11.9548135,1.1355000000000004,4.800318333894614,46.0,1.8677737175133287,standard
110101,Ica,Ica,Ica,202510,Costa,10.621536166666669,11.624691416666666,5.176901186391347,432.0,LIMA|LIMA|VILLA EL SALVADOR,Costa,10.9817615,11.488330499999998,0.5065689999999989,5.59467314876282,204.0,1.8877045976591087,standard
110102,Ica,Ica,La Tinguiña,202508,Costa,8.526984916666665,10.608572833333334,4.597409949435367,463.0,ICA|ICA|SANTIAGO,Costa,8.16299265,10.055098333333333,1.8921056833333338,4.441616594274755,395.0,1.3839926353028842,standard
110102,Ica,Ica,La Tinguiña,202508,Costa,8.526984916666665,10.608572833333334,4.597409949435367,463.0,TACNA|TACNA|CIUDAD NUEVA,Costa,8.593999866666666,9.030744333333331,0.43674446666666533,4.503327551802781,695.0,1.638004728029095,standard
110102,Ica,Ica,La Tinguiña,202508,Costa,8.526984916666665,10.608572833333334,4.597409949435367,463.0,LIMA|CAÑETE|IMPERIAL,Costa,8.8055745,11.427706333333333,2.6221318333333326,4.590228621240158,112.0,2.1256049421224366,standard
110102,Ica,Ica,La Tinguiña,202508,Costa,8.526984916666665,10.608572833333334,4.597409949435367,463.0,LA LIBERTAD|VIRU|CHAO,Costa,8.799810333333333,8.866682833333334,0.06687250000000056,4.516429596757871,103.0,2.249341668555287,standard
110102,Ica,Ica,La Tinguiña,202508,Costa,8.526984916666665,10.608572833333334,4.597409949435367,463.0,LIMA|CAÑETE|SAN VICENTE DE CAÑETE,Costa,8.8625145,11.008833000000001,2.1463185000000014,4.738582386232743,77.0,2.324050734724739,standard
110106,Ica,Ica,Parcona,202510,Costa,9.188868666666666,10.698820583333337,4.732771592468704,472.0,TACNA|TACNA|CIUDAD NUEVA,Costa,8.7344625,9.678247083333332,0.9437845833333327,4.503327551802781,695.0,1.3983881348944016,standard
110106,Ica,Ica,Parcona,202510,Costa,9.188868666666666,10.698820583333337,4.732771592468704,472.0,ICA|ICA|SANTIAGO,Costa,8.593284599999999,10.715107916666668,2.121823316666669,4.441616594274755,395.0,1.566897325338164,standard
110106,Ica,Ica,Parcona,202510,Costa,9.188868666666666,10.698820583333337,4.732771592468704,472.0,TACNA|TACNA|TACNA,Costa,9.885733833333333,10.388124750000001,0.502390916666668,4.968352173538501,583.0,1.6561680091265094,standard
110106,Ica,Ica,Parcona,202510,Costa,9.188868666666666,10.698820583333337,4.732771592468704,472.0,LIMA|CAÑETE|SAN VICENTE DE CAÑETE,Costa,9.399138666666667,11.506721999999998,2.1075833333333307,4.738582386232743,77.0,1.9573989683547826,standard
110106,Ica,Ica,Parcona,202510,Costa,9.188868666666666,10.698820583333337,4.732771592468704,472.0,PIURA|PAITA|PAITA,Costa,9.526399333333334,10.182475666666667,0.656076333333333,4.94437902132634,71.0,1.9862536398040445,standard
110112,Ica,Ica,Subtanjalla,202507,Costa,8.429923066666667,11.484229083333334,4.437544461797492,445.0,ICA|ICA|SANTIAGO,Costa,7.845695816666667,9.802579833333333,1.956884016666666,4.441616594274755,395.0,1.488089990662956,standard
110112,Ica,Ica,Subtanjalla,202507,Costa,8.429923066666667,11.484229083333334,4.437544461797492,445.0,LIMA|CAÑETE|IMPERIAL,Costa,8.663851166666666,10.9551905,2.291339333333335,4.590228621240158,112.0,1.9243475692076575,standard
110112,Ica,Ica,Subtanjalla,202507,Costa,8.429923066666667,11.484229083333334,4.437544461797492,445.0,LA LIBERTAD|VIRU|CHAO,Costa,8.882403166666666,8.745317666666667,-0.13708549999999953,4.516429596757871,103.0,2.03548014500094,standard
110112,Ica,Ica,Subtanjalla,202507,Costa,8.429923066666667,11.484229083333334,4.437544461797492,445.0,TACNA|TACNA|CIUDAD NUEVA,Costa,8.972327033333332,8.742945333333331,-0.22938170000000113,4.503327551802781,695.0,2.0475557340392205,standard
110112,Ica,Ica,Subtanjalla,202507,Costa,8.429923066666667,11.484229083333334,4.437544461797492,445.0,ICA|PISCO|SAN CLEMENTE,Costa,8.766820833333334,7.967940800000001,-0.798880033333333,4.394696777891884,116.0,2.07564351637245,standard
110201,Ica,Chincha,Chincha Alta,202406,Costa,11.399142,12.084174666666664,4.821834381642735,140.0,LIMA|LIMA|SAN BORJA,Costa,11.643547750000002,11.24658875,-0.39695900000000073,5.054026706042903,170.0,0.8511260932914091,standard
110201,Ica,Chincha,Chincha Alta,202406,Costa,11.399142,12.084174666666664,4.821834381642735,140.0,CALLAO|CALLAO|CARMEN DE LA LEGUA REYNOSO,Costa,11.157318583333334,10.884672666666667,-0.2726459166666668,4.625723909525756,82.0,0.9099480315447896,standard
110201,Ica,Chincha,Chincha Alta,202406,Costa,11.399142,12.084174666666664,4.821834381642735,140.0,LIMA|LIMA|PUEBLO LIBRE,Costa,10.885697833333333,10.672324916666668,-0.2133729166666658,4.920764898097487,114.0,1.1255070280814123,standard
110201,Ica,Chincha,Chincha Alta,202406,Costa,11.399142,12.084174666666664,4.821834381642735,140.0,LIMA|LIMA|SURQUILLO,Costa,10.80587825,11.151770166666665,0.3458919166666661,4.9591511451889945,125.0,1.285910037514605,standard
110201,Ica,Chincha,Chincha Alta,202406,Costa,11.399142,12.084174666666664,4.821834381642735,140.0,LIMA|LIMA|MIRAFLORES,Costa,11.958370666666667,11.695638833333334,-0.2627318333333335,4.997111040065091,125.0,1.296652806962275,standard
110202,Ica,Chincha,Alto Laran,202406,Costa,10.021989833333334,11.224286333333334,3.891147030448771,156.0,LA LIBERTAD|ASCOPE|CHOCOPE,Costa,9.333222783333333,9.60412775,0.2709049666666665,3.969462507974637,118.0,0.9330795285991906,standard
110202,Ica,Chincha,Alto Laran,202406,Costa,10.021989833333334,11.224286333333334,3.891147030448771,156.0,LIMA|CAÑETE|QUILMANA,Costa,9.754984416666666,9.768982166666667,0.013997750000001474,4.2065830348377915,185.0,1.6128388217968523,standard
110202,Ica,Chincha,Alto Laran,202406,Costa,10.021989833333334,11.224286333333334,3.891147030448771,156.0,LIMA|CAÑETE|SAN LUIS,Costa,9.140683999999998,9.025040333333333,-0.11564366666666537,4.128269995169627,36.0,1.6451149923676498,standard
110202,Ica,Chincha,Alto Laran,202406,Costa,10.021989833333334,11.224286333333334,3.891147030448771,156.0,LIMA|CAÑETE|CERRO AZUL,Costa,9.733387333333333,9.866895666666666,0.13350833333333334,3.92054071650248,17.0,1.6508607097140409,standard
110202,Ica,Chincha,Alto Laran,202406,Costa,10.021989833333334,11.224286333333334,3.891147030448771,156.0,AREQUIPA|ISLAY|COCACHACRA,Costa,10.896721583333333,12.655664583333333,1.7589430000000004,3.9215304135012423,114.0,1.8224449169836459,standard
110204,Ica,Chincha,Chincha Baja,202406,Costa,10.00908875,10.992088333333331,4.114243913688907,44.0,AREQUIPA|CAMANA|SAMUEL PASTOR,Costa,9.264230750000001,10.603492916666667,1.339262166666666,4.2027606873932,21.0,1.0924484158844945,standard
110204,Ica,Chincha,Chincha Baja,202406,Costa,10.00908875,10.992088333333331,4.114243913688907,44.0,LIMA|CAÑETE|CERRO AZUL,Costa,9.733387333333333,9.866895666666666,0.13350833333333334,3.92054071650248,17.0,1.1140510190319903,standard
110204,Ica,Chincha,Chincha Baja,202406,Costa,10.00908875,10.992088333333331,4.114243913688907,44.0,LA LIBERTAD|ASCOPE|SANTIAGO DE CAO,Costa,9.433195,9.93114025,0.4979452500000008,4.283391697297128,77.0,1.2601776709470478,standard
110204,Ica,Chincha,Chincha Baja,202406,Costa,10.00908875,10.992088333333331,4.114243913688907,44.0,AREQUIPA|ISLAY|MOLLENDO,Costa,10.230349333333333,11.138379166666667,0.9080298333333339,4.38153021583627,73.0,1.3606980417879762,standard
110204,Ica,Chincha,Chincha Baja,202406,Costa,10.00908875,10.992088333333331,4.114243913688907,44.0,AREQUIPA|ISLAY|COCACHACRA,Costa,10.896721583333333,12.655664583333333,1.7589430000000004,3.9215304135012423,114.0,1.3915804686909956,standard
110205,Ica,Chincha,El Carmen,202406,Costa,11.546361166666664,13.16805775,4.092334589521021,160.0,LIMA|HUARAL|AUCALLAMA,Costa,11.011101000000002,11.082172833333333,0.07107183333333111,4.289232095922762,154.0,1.2101349312332537,standard
110205,Ica,Chincha,El Carmen,202406,Costa,11.546361166666664,13.16805775,4.092334589521021,160.0,ICA|PISCO|PARACAS,Costa,11.8042095,11.459622416666667,-0.34458708333333377,3.854123782101167,108.0,1.3357443256611183,standard
110205,Ica,Chincha,El Carmen,202406,Costa,11.546361166666664,13.16805775,4.092334589521021,160.0,AREQUIPA|ISLAY|COCACHACRA,Costa,10.896721583333333,12.655664583333333,1.7589430000000004,3.9215304135012423,114.0,1.9055559371593263,standard
110205,Ica,Chincha,El Carmen,202406,Costa,11.546361166666664,13.16805775,4.092334589521021,160.0,ICA|PISCO|HUMAY,Costa,10.961680666666666,10.150955166666668,-0.8107254999999984,3.7330366829335797,312.0,1.9418434517575107,standard
110205,Ica,Chincha,El Carmen,202406,Costa,11.546361166666664,13.16805775,4.092334589521021,160.0,LA LIBERTAD|PACASMAYO|PACASMAYO,Costa,12.288008666666668,12.938758333333332,0.6507496666666643,4.461783560909769,21.0,1.9560259404512161,standard
110207,Ica,Chincha,Pueblo Nuevo,202406,Costa,10.356843666666668,10.706407,4.79660208277,146.0,LIMA|LIMA|SAN LUIS,Costa,10.051862083333335,10.467825,0.41596291666666474,4.716687653215402,214.0,0.6637465438490138,standard
110207,Ica,Chincha,Pueblo Nuevo,202406,Costa,10.356843666666668,10.706407,4.79660208277,146.0,LIMA|HUAURA|HUACHO,Costa,10.353138583333333,10.429209833333333,0.07607125000000003,4.800318333894614,46.0,0.7011736329749049,standard
110207,Ica,Chincha,Pueblo Nuevo,202406,Costa,10.356843666666668,10.706407,4.79660208277,146.0,LIMA|LIMA|SURQUILLO,Costa,10.80587825,11.151770166666665,0.3458919166666661,4.9591511451889945,125.0,0.9957504005740194,standard
110207,Ica,Chincha,Pueblo Nuevo,202406,Costa,10.356843666666668,10.706407,4.79660208277,146.0,LIMA|LIMA|PACHACAMAC,Costa,10.3825995,9.985633083333333,-0.39696641666666643,5.041672912078491,68.0,1.0258653498648604,standard
110207,Ica,Chincha,Pueblo Nuevo,202406,Costa,10.356843666666668,10.706407,4.79660208277,146.0,ICA|PISCO|PISCO,Costa,10.085084666666665,9.835540416666666,-0.24954424999999958,4.829091399166523,39.0,1.0301329099581162,standard
110210,Ica,Chincha,Sunampe,202405,Costa,11.976406666666668,12.109427666666669,4.463579467456969,94.0,LA LIBERTAD|PACASMAYO|PACASMAYO,Costa,12.143721333333334,13.057114499999999,0.9133931666666655,4.461783560909769,21.0,1.0316762042706695,standard
110210,Ica,Chincha,Sunampe,202405,Costa,11.976406666666668,12.109427666666669,4.463579467456969,94.0,ICA|PISCO|SAN ANDRES,Costa,12.01707725,13.502890833333334,1.485813583333334,4.138839312414322,16.0,1.3385655838543542,standard
110210,Ica,Chincha,Sunampe,202405,Costa,11.976406666666668,12.109427666666669,4.463579467456969,94.0,LA LIBERTAD|TRUJILLO|SALAVERRY,Costa,11.152534166666667,11.455201333333333,0.3026671666666658,4.277471685042825,10.0,1.5009800593079947,standard
110210,Ica,Chincha,Sunampe,202405,Costa,11.976406666666668,12.109427666666669,4.463579467456969,94.0,LIMA|HUARAL|CHANCAY,Costa,11.498221166666667,11.250371833333332,-0.2478493333333347,4.755264891412247,58.0,1.5189843460124417,standard
110210,Ica,Chincha,Sunampe,202405,Costa,11.976406666666668,12.109427666666669,4.463579467456969,94.0,LA LIBERTAD|PACASMAYO|SAN PEDRO DE LLOC,Costa,12.660695666666667,14.158190833333336,1.4974951666666687,4.246424714908744,49.0,1.5843183854631773,standard
120101,Junin,Huancayo,Huancayo,202501,Sierra,8.915837833333333,10.321927666666667,5.079155911463914,3294.0,ANCASH|HUARAZ|HUARAZ,Sierra,9.579145083333332,10.424798666666668,0.8456535833333358,4.784588766606927,3073.0,,standard
120101,Junin,Huancayo,Huancayo,202501,Sierra,8.915837833333333,10.321927666666667,5.079155911463914,3294.0,HUANCAVELICA|HUANCAVELICA|HUANCAVELICA,Sierra,9.443600333333334,8.265315666666666,-1.1782846666666682,4.599621106961551,3746.0,,standard
120101,Junin,Huancayo,Huancayo,202501,Sierra,8.915837833333333,10.321927666666667,5.079155911463914,3294.0,JUNIN|TARMA|TARMA,Sierra,8.161218199999999,8.465417250000002,0.3041990500000029,4.679200695727051,3094.0,,standard
120107,Junin,Huancayo,Chilca,202501,Sierra,7.4819576,8.4890329,4.9630838889174695,3273.0,CUSCO|CANCHIS|SICUANI,Sierra,7.3392351,7.45491055,0.11567545000000035,4.76213066217665,3593.0,226333217.24618816,standard
120107,Junin,Huancayo,Chilca,202501,Sierra,7.4819576,8.4890329,4.9630838889174695,3273.0,APURIMAC|ANDAHUAYLAS|ANDAHUAYLAS,Sierra,7.571574383333334,7.094731200000001,-0.4768431833333331,4.62601169875135,2836.0,226333217.2461882,standard
120107,Junin,Huancayo,Chilca,202501,Sierra,7.4819576,8.4890329,4.9630838889174695,3273.0,JUNIN|TARMA|TARMA,Sierra,8.161218199999999,8.465417250000002,0.3041990500000029,4.679200695727051,3094.0,226333217.2461882,standard
120114,Junin,Huancayo,El Tambo,202501,Sierra,9.784827083333331,10.857101833333331,5.221046301114709,3305.0,ANCASH|HUARAZ|HUARAZ,Sierra,9.579145083333332,10.424798666666668,0.8456535833333358,4.784588766606927,3073.0,706351046.8839236,standard
120114,Junin,Huancayo,El Tambo,202501,Sierra,9.784827083333331,10.857101833333331,5.221046301114709,3305.0,ANCASH|HUARAZ|INDEPENDENCIA,Sierra,10.015008833333335,10.635388166666667,0.6203793333333323,4.881316168666469,3046.0,706351046.8839236,standard
120114,Junin,Huancayo,El Tambo,202501,Sierra,9.784827083333331,10.857101833333331,5.221046301114709,3305.0,LA LIBERTAD|SANCHEZ CARRION|HUAMACHUCO,Sierra,10.000441833333333,8.1608924,-1.8395494333333335,4.825439100966339,3183.0,706351046.8839236,standard
120125,Junin,Huancayo,Pilcomayo,202501,Sierra,7.782396366666666,8.693143333333333,4.3022226663176655,3244.0,ANCASH|HUARI|SAN MARCOS,Sierra,7.628429666666666,9.083954333333333,1.4555246666666664,4.231291146418349,2988.0,0.9824975399569286,standard
120125,Junin,Huancayo,Pilcomayo,202501,Sierra,7.782396366666666,8.693143333333333,4.3022226663176655,3244.0,AYACUCHO|LUCANAS|PUQUIO,Sierra,8.373154916666666,7.6246737,-0.7484812166666659,4.143608034837595,3234.0,1.1756228525490493,standard
120125,Junin,Huancayo,Pilcomayo,202501,Sierra,7.782396366666666,8.693143333333333,4.3022226663176655,3244.0,CUSCO|CALCA|CALCA,Sierra,7.2462095500000006,7.822011383333334,0.5758018333333332,4.3144571227346775,2955.0,1.339955827913,standard
120125,Junin,Huancayo,Pilcomayo,202501,Sierra,7.782396366666666,8.693143333333333,4.3022226663176655,3244.0,CUSCO|ANTA|ANTA,Sierra,8.60655425,7.353247166666667,-1.2533070833333335,4.335939069031729,3363.0,1.701370634061041,standard
120125,Junin,Huancayo,Pilcomayo,202501,Sierra,7.782396366666666,8.693143333333333,4.3022226663176655,3244.0,CUSCO|CANCHIS|SICUANI,Sierra,7.3392351,7.45491055,0.11567545000000035,4.76213066217665,3593.0,2.1940010506873144,standard
120129,Junin,Huancayo,San Agustin,202412,Sierra,9.238827833333334,8.720551016666667,4.184151775723396,3297.0,CUSCO|ANTA|ANTA,Sierra,9.154371083333332,7.436740883333332,-1.7176302000000003,4.335939069031729,3363.0,0.7929168335449079,standard
120129,Junin,Huancayo,San Agustin,202412,Sierra,9.238827833333334,8.720551016666667,4.184151775723396,3297.0,HUANCAVELICA|TAYACAJA|PAMPAS,Sierra,9.8338595,8.8216775,-1.012182000000001,4.0026411490000395,3282.0,1.3934820484288553,standard
120129,Junin,Huancayo,San Agustin,202412,Sierra,9.238827833333334,8.720551016666667,4.184151775723396,3297.0,JUNIN|CONCEPCION|CONCEPCION,Sierra,8.479885416666667,8.997400433333334,0.5175150166666675,4.188309630194004,3303.0,1.5253016184554786,standard
120129,Junin,Huancayo,San Agustin,202412,Sierra,9.238827833333334,8.720551016666667,4.184151775723396,3297.0,AYACUCHO|LUCANAS|PUQUIO,Sierra,8.266429483333335,7.760438866666667,-0.5059906166666677,4.143608034837595,3234.0,1.8044847314572048,standard
120129,Junin,Huancayo,San Agustin,202412,Sierra,9.238827833333334,8.720551016666667,4.184151775723396,3297.0,HUANCAVELICA|HUANCAVELICA|HUANCAVELICA,Sierra,9.4617275,8.531322666666668,-0.9304048333333323,4.599621106961551,3746.0,2.22505252084664,standard
130101,La Libertad,Trujillo,Trujillo,202412,Costa,11.381563666666668,12.651016166666665,5.498226444174292,74.0,LIMA|LIMA|SANTIAGO DE SURCO,Costa,11.587203500000001,11.62354175,0.03633824999999824,5.5173964983049775,107.0,0.9846398986142336,standard
130101,La Libertad,Trujillo,Trujillo,202412,Costa,11.381563666666668,12.651016166666665,5.498226444174292,74.0,CALLAO|CALLAO|VENTANILLA,Costa,11.119928666666667,11.508742500000002,0.3888138333333355,5.499136994537383,43.0,1.058292071634535,standard
130101,La Libertad,Trujillo,Trujillo,202412,Costa,11.381563666666668,12.651016166666665,5.498226444174292,74.0,ANCASH|SANTA|NUEVO CHIMBOTE,Costa,11.173928583333334,11.39039925,0.21647066666666603,5.202273023654431,40.0,2.0612862367620077,standard
130101,La Libertad,Trujillo,Trujillo,202412,Costa,11.381563666666668,12.651016166666665,5.498226444174292,74.0,LIMA|LIMA|COMAS,Costa,10.441448083333333,11.949560333333332,1.50811225,5.71637901287223,107.0,2.2671472387223317,standard
130101,La Libertad,Trujillo,Trujillo,202412,Costa,11.381563666666668,12.651016166666665,5.498226444174292,74.0,LIMA|LIMA|VILLA EL SALVADOR,Costa,10.617964,10.358590999999999,-0.25937300000000185,5.59467314876282,204.0,2.3949130894165793,standard
130102,La Libertad,Trujillo,El Porvenir,202412,Costa,9.800980166666667,9.6190965,5.279806060227968,92.0,LIMA|LIMA|PACHACAMAC,Costa,9.985633083333333,9.646615166666669,-0.3390179166666645,5.041672912078491,68.0,0.7797924022690081,standard
130102,La Libertad,Trujillo,El Porvenir,202412,Costa,9.800980166666667,9.6190965,5.279806060227968,92.0,LIMA|LIMA|CHORRILLOS,Costa,9.919709333333335,10.336170666666666,0.4164613333333307,5.4972628481517605,68.0,0.7799188087747679,standard
130102,La Libertad,Trujillo,El Porvenir,202412,Costa,9.800980166666667,9.6190965,5.279806060227968,92.0,ANCASH|SANTA|CHIMBOTE,Costa,10.243010666666665,11.074412166666667,0.8314015000000019,5.314316040434888,52.0,0.9084346406536316,standard
130102,La Libertad,Trujillo,El Porvenir,202412,Costa,9.800980166666667,9.6190965,5.279806060227968,92.0,LIMA|LIMA|SAN JUAN DE MIRAFLORES,Costa,9.486189666666668,9.846620833333333,0.36043116666666464,5.550496187327484,133.0,0.9913456933529721,standard
130102,La Libertad,Trujillo,El Porvenir,202412,Costa,9.800980166666667,9.6190965,5.279806060227968,92.0,LIMA|LIMA|EL AGUSTINO,Costa,9.324950000000001,11.002645416666667,1.6776954166666656,5.298551802898258,200.0,1.205572140160361,standard
130105,La Libertad,Trujillo,La Esperanza,202412,Costa,9.528016,10.45188875,5.276934904399678,137.0,LIMA|LIMA|EL AGUSTINO,Costa,9.324950000000001,11.002645416666667,1.6776954166666656,5.298551802898258,200.0,0.5868506794727499,standard
130105,La Libertad,Trujillo,La Esperanza,202412,Costa,9.528016,10.45188875,5.276934904399678,137.0,LIMA|LIMA|SAN JUAN DE MIRAFLORES,Costa,9.486189666666668,9.846620833333333,0.36043116666666464,5.550496187327484,133.0,0.8789502285354102,standard
130105,La Libertad,Trujillo,La Esperanza,202412,Costa,9.528016,10.45188875,5.276934904399678,137.0,PIURA|PIURA|TAMBO GRANDE,Costa,9.223776833333334,9.9977185,0.7739416666666656,5.031388264038504,76.0,1.0974639175934167,standard
130105,La Libertad,Trujillo,La Esperanza,202412,Costa,9.528016,10.45188875,5.276934904399678,137.0,LIMA|LIMA|PACHACAMAC,Costa,9.985633083333333,9.646615166666669,-0.3390179166666645,5.041672912078491,68.0,1.1771333439020486,standard
130105,La Libertad,Trujillo,La Esperanza,202412,Costa,9.528016,10.45188875,5.276934904399678,137.0,LIMA|LIMA|CHORRILLOS,Costa,9.919709333333335,10.336170666666666,0.4164613333333307,5.4972628481517605,68.0,1.22315922427753,standard
130107,La Libertad,Trujillo,Moche,202412,Costa,11.023053000000004,11.632213833333331,4.573289438604204,25.0,LIMA|HUARAL|CHANCAY,Costa,11.3883225,11.341030249999998,-0.0472922500000017,4.755264891412247,58.0,1.0882561801906603,standard
130107,La Libertad,Trujillo,Moche,202412,Costa,11.023053000000004,11.632213833333331,4.573289438604204,25.0,CALLAO|CALLAO|CARMEN DE LA LEGUA REYNOSO,Costa,10.884672666666667,10.76601075,-0.11866191666666737,4.625723909525756,82.0,1.0979333850326116,standard
130107,La Libertad,Trujillo,Moche,202412,Costa,11.023053000000004,11.632213833333331,4.573289438604204,25.0,LIMA|HUAURA|SANTA MARIA,Costa,10.965265166666667,8.922077333333334,-2.0431878333333326,4.559511632301378,83.0,1.110980543734447,standard
130107,La Libertad,Trujillo,Moche,202412,Costa,11.023053000000004,11.632213833333331,4.573289438604204,25.0,AREQUIPA|ISLAY|MOLLENDO,Costa,11.138379166666667,11.121376583333332,-0.017002583333335153,4.38153021583627,73.0,1.3538966486530861,standard
130107,La Libertad,Trujillo,Moche,202412,Costa,11.023053000000004,11.632213833333331,4.573289438604204,25.0,AREQUIPA|CAMANA|SAMUEL PASTOR,Costa,10.603492916666667,9.368015333333334,-1.2354775833333331,4.2027606873932,21.0,1.6100327367867426,standard
130111,La Libertad,Trujillo,Victor Larco Herrera,202412,Costa,11.031788,12.70050375,4.835728610219096,24.0,LIMA|HUARAL|CHANCAY,Costa,11.3883225,11.341030249999998,-0.0472922500000017,4.755264891412247,58.0,1.0151693192208664,standard
130111,La Libertad,Trujillo,Victor Larco Herrera,202412,Costa,11.031788,12.70050375,4.835728610219096,24.0,LIMA|LIMA|LURIN,Costa,10.521248583333334,9.655961750000001,-0.8652868333333323,4.950340509832722,12.0,1.1501710050395741,standard
130111,La Libertad,Trujillo,Victor Larco Herrera,202412,Costa,11.031788,12.70050375,4.835728610219096,24.0,LIMA|HUAURA|HUACHO,Costa,10.429209833333333,10.000701166666667,-0.42850866666666576,4.800318333894614,46.0,1.3006059659942797,standard
130111,La Libertad,Trujillo,Victor Larco Herrera,202412,Costa,11.031788,12.70050375,4.835728610219096,24.0,CALLAO|CALLAO|CARMEN DE LA LEGUA REYNOSO,Costa,10.884672666666667,10.76601075,-0.11866191666666737,4.625723909525756,82.0,1.390162950689161,standard
130111,La Libertad,Trujillo,Victor Larco Herrera,202412,Costa,11.031788,12.70050375,4.835728610219096,24.0,LIMA|HUAURA|SANTA MARIA,Costa,10.965265166666667,8.922077333333334,-2.0431878333333326,4.559511632301378,83.0,1.552324011254964,standard
140101,Lambayeque,Chiclayo,Chiclayo,202412,Costa,10.334399666666666,10.62674,5.432160847295557,28.0,ANCASH|SANTA|CHIMBOTE,Costa,10.243010666666665,11.074412166666667,0.8314015000000019,5.314316040434888,52.0,0.7484701836297706,standard
140101,Lambayeque,Chiclayo,Chiclayo,202412,Costa,10.334399666666666,10.62674,5.432160847295557,28.0,LIMA|LIMA|CHORRILLOS,Costa,9.919709333333335,10.336170666666666,0.4164613333333307,5.4972628481517605,68.0,0.8061321088125393,standard
140101,Lambayeque,Chiclayo,Chiclayo,202412,Costa,10.334399666666666,10.62674,5.432160847295557,28.0,LIMA|LIMA|COMAS,Costa,10.441448083333333,11.949560333333332,1.50811225,5.71637901287223,107.0,1.1930934067472116,standard
140101,Lambayeque,Chiclayo,Chiclayo,202412,Costa,10.334399666666666,10.62674,5.432160847295557,28.0,ANCASH|SANTA|NUEVO CHIMBOTE,Costa,11.173928583333334,11.39039925,0.21647066666666603,5.202273023654431,40.0,1.5437872695297954,standard
140101,Lambayeque,Chiclayo,Chiclayo,202412,Costa,10.334399666666666,10.62674,5.432160847295557,28.0,CALLAO|CALLAO|VENTANILLA,Costa,11.119928666666667,11.508742500000002,0.3888138333333355,5.499136994537383,43.0,1.6022261546946033,standard
140105,Lambayeque,Chiclayo,Jose Leonardo Ortiz,202412,Costa,10.779250666666668,10.950724666666666,5.1945087917577775,41.0,ANCASH|SANTA|NUEVO CHIMBOTE,Costa,11.173928583333334,11.39039925,0.21647066666666603,5.202273023654431,40.0,0.6512662110812377,standard
140105,Lambayeque,Chiclayo,Jose Leonardo Ortiz,202412,Costa,10.779250666666668,10.950724666666666,5.1945087917577775,41.0,ANCASH|SANTA|CHIMBOTE,Costa,10.243010666666665,11.074412166666667,0.8314015000000019,5.314316040434888,52.0,1.0115278285872533,standard
140105,Lambayeque,Chiclayo,Jose Leonardo Ortiz,202412,Costa,10.779250666666668,10.950724666666666,5.1945087917577775,41.0,LIMA|LIMA|LURIN,Costa,10.521248583333334,9.655961750000001,-0.8652868333333323,4.950340509832722,12.0,1.0343523001136026,standard
140105,Lambayeque,Chiclayo,Jose Leonardo Ortiz,202412,Costa,10.779250666666668,10.950724666666666,5.1945087917577775,41.0,CALLAO|CALLAO|VENTANILLA,Costa,11.119928666666667,11.508742500000002,0.3888138333333355,5.499136994537383,43.0,1.1984909662949772,standard
140105,Lambayeque,Chiclayo,Jose Leonardo Ortiz,202412,Costa,10.779250666666668,10.950724666666666,5.1945087917577775,41.0,LIMA|HUAURA|HUACHO,Costa,10.429209833333333,10.000701166666667,-0.42850866666666576,4.800318333894614,46.0,1.499132843778888,standard
140106,Lambayeque,Chiclayo,La Victoria,202412,Costa,10.459262833333334,9.692678666666666,4.958621212042842,36.0,LIMA|LIMA|LURIN,Costa,10.521248583333334,9.655961750000001,-0.8652868333333323,4.950340509832722,12.0,0.5414860319991243,standard
140106,Lambayeque,Chiclayo,La Victoria,202412,Costa,10.459262833333334,9.692678666666666,4.958621212042842,36.0,LIMA|HUAURA|HUACHO,Costa,10.429209833333333,10.000701166666667,-0.42850866666666576,4.800318333894614,46.0,0.7576155702015429,standard
140106,Lambayeque,Chiclayo,La Victoria,202412,Costa,10.459262833333334,9.692678666666666,4.958621212042842,36.0,ICA|PISCO|PISCO,Costa,9.835540416666666,9.448358333333333,-0.38718208333333237,4.829091399166523,39.0,1.2840550122461991,standard
140106,Lambayeque,Chiclayo,La Victoria,202412,Costa,10.459262833333334,9.692678666666666,4.958621212042842,36.0,LIMA|LIMA|PUEBLO LIBRE,Costa,10.672324916666668,11.312213499999999,0.639888583333331,4.920764898097487,114.0,1.4305673120659517,standard
140106,Lambayeque,Chiclayo,La Victoria,202412,Costa,10.459262833333334,9.692678666666666,4.958621212042842,36.0,LIMA|LIMA|PACHACAMAC,Costa,9.985633083333333,9.646615166666669,-0.3390179166666645,5.041672912078491,68.0,1.445921353001087,standard
140112,Lambayeque,Chiclayo,Pimentel,202412,Costa,9.902416833333334,10.110418833333334,4.649354333364369,22.0,LIMA|LIMA|ANCON,Costa,9.67901,9.580152333333332,-0.0988576666666674,4.798843929065671,14.0,0.7104003178049565,standard
140112,Lambayeque,Chiclayo,Pimentel,202412,Costa,9.902416833333334,10.110418833333334,4.649354333364369,22.0,ICA|PISCO|PISCO,Costa,9.835540416666666,9.448358333333333,-0.38718208333333237,4.829091399166523,39.0,0.7829697366249595,standard
140112,Lambayeque,Chiclayo,Pimentel,202412,Costa,9.902416833333334,10.110418833333334,4.649354333364369,22.0,MOQUEGUA|ILO|ILO,Costa,9.620937333333332,9.3168995,-0.30403783333333223,4.822684478018108,33.0,0.8605379145466708,standard
140112,Lambayeque,Chiclayo,Pimentel,202412,Costa,9.902416833333334,10.110418833333334,4.649354333364369,22.0,LIMA|HUAURA|HUAURA,Costa,10.002281666666667,9.152107333333332,-0.8501743333333351,4.541129741251386,96.0,0.9675744028297134,standard
140112,Lambayeque,Chiclayo,Pimentel,202412,Costa,9.902416833333334,10.110418833333334,4.649354333364369,22.0,LIMA|HUAURA|HUALMAY,Costa,9.4564705,10.383941916666666,0.9274714166666662,4.458864378361518,47.0,0.9949174065085039,standard
150104,Lima,Lima,Barranco,202511,Costa,13.206799333333334,14.390050416666668,4.536280607248382,97.0,LIMA|LIMA|SURQUILLO,Costa,12.618472250000002,13.914125499999999,1.2956532499999973,4.9591511451889945,125.0,3.4890030885589107,standard
150104,Lima,Lima,Barranco,202511,Costa,13.206799333333334,14.390050416666668,4.536280607248382,97.0,LA LIBERTAD|ASCOPE|CHICAMA,Costa,13.03077675,12.705945666666667,-0.32483108333333277,4.183753705592957,150.0,4.627870914463958,standard
150104,Lima,Lima,Barranco,202511,Costa,13.206799333333334,14.390050416666668,4.536280607248382,97.0,LIMA|LIMA|CIENEGUILLA,Costa,12.931954416666668,13.159537166666667,0.22758274999999806,4.540129177551348,287.0,5.169506789182386,standard
150104,Lima,Lima,Barranco,202511,Costa,13.206799333333334,14.390050416666668,4.536280607248382,97.0,LIMA|LIMA|MIRAFLORES,Costa,12.340739833333332,13.732447333333331,1.391707499999999,4.997111040065091,125.0,5.84377674683814,standard
150105,Lima,Lima,Breña,202512,Costa,12.684490333333333,13.4614495,4.930994851145845,153.0,LIMA|LIMA|MIRAFLORES,Costa,12.521592499999999,13.919096999999999,1.3975045000000001,4.997111040065091,125.0,0.44366996448076196,standard
150105,Lima,Lima,Breña,202512,Costa,12.684490333333333,13.4614495,4.930994851145845,153.0,LIMA|LIMA|SURQUILLO,Costa,12.817463250000001,14.027741666666666,1.2102784166666645,4.9591511451889945,125.0,0.8510245644784225,standard
150105,Lima,Lima,Breña,202512,Costa,12.684490333333333,13.4614495,4.930994851145845,153.0,LIMA|LIMA|SAN BORJA,Costa,12.958890333333335,14.317558499999999,1.3586681666666642,5.054026706042903,170.0,0.8625116793461831,standard
150105,Lima,Lima,Breña,202512,Costa,12.684490333333333,13.4614495,4.930994851145845,153.0,PIURA|TALARA|PARIÑAS,Costa,11.919352416666667,12.677995416666668,0.7586430000000011,4.992593278477273,23.0,1.4540468165537894,standard
150105,Lima,Lima,Breña,202512,Costa,12.684490333333333,13.4614495,4.930994851145845,153.0,LIMA|BARRANCA|BARRANCA,Costa,11.756623249999999,12.443608500000002,0.6869852500000029,4.83457328401402,74.0,1.901450562300666,standard
150106,Lima,Lima,Carabayllo,202512,Costa,13.384182166666667,13.852829333333332,5.522502917984742,238.0,LIMA|LIMA|LA MOLINA,Costa,12.580947666666667,15.136581833333333,2.5556341666666658,5.14822927252502,262.0,,standard
150106,Lima,Lima,Carabayllo,202512,Costa,13.384182166666667,13.852829333333332,5.522502917984742,238.0,LIMA|LIMA|SAN BORJA,Costa,12.958890333333335,14.317558499999999,1.3586681666666642,5.054026706042903,170.0,,standard
150106,Lima,Lima,Carabayllo,202512,Costa,13.384182166666667,13.852829333333332,5.522502917984742,238.0,LIMA|LIMA|SANTIAGO DE SURCO,Costa,12.475388166666667,13.845012833333334,1.3696246666666667,5.5173964983049775,107.0,,standard
150112,Lima,Lima,Independencia,202512,Costa,12.281675833333331,12.819494249999998,5.325022800270452,111.0,LIMA|LIMA|CHORRILLOS,Costa,11.888515833333331,12.7706095,0.8820936666666697,5.4972628481517605,68.0,0.9259052533047734,standard
150112,Lima,Lima,Independencia,202512,Costa,12.281675833333331,12.819494249999998,5.325022800270452,111.0,LIMA|LIMA|SANTIAGO DE SURCO,Costa,12.475388166666667,13.845012833333334,1.3696246666666667,5.5173964983049775,107.0,1.1938383122214904,standard
150112,Lima,Lima,Independencia,202512,Costa,12.281675833333331,12.819494249999998,5.325022800270452,111.0,LIMA|LIMA|MIRAFLORES,Costa,12.521592499999999,13.919096999999999,1.3975045000000001,4.997111040065091,125.0,1.2359464046602777,standard
150112,Lima,Lima,Independencia,202512,Costa,12.281675833333331,12.819494249999998,5.325022800270452,111.0,LIMA|LIMA|SURQUILLO,Costa,12.817463250000001,14.027741666666666,1.2102784166666645,4.9591511451889945,125.0,1.448049680602955,standard
150112,Lima,Lima,Independencia,202512,Costa,12.281675833333331,12.819494249999998,5.325022800270452,111.0,CALLAO|CALLAO|VENTANILLA,Costa,11.567627833333333,12.707966,1.1403381666666679,5.499136994537383,43.0,1.4529393424398651,standard
150117,Lima,Lima,Los Olivos,202512,Costa,13.149542833333332,13.6276235,5.51306303833477,67.0,LIMA|LIMA|SAN BORJA,Costa,12.958890333333335,14.317558499999999,1.3586681666666642,5.054026706042903,170.0,5.125166568663423,standard
150117,Lima,Lima,Los Olivos,202512,Costa,13.149542833333332,13.6276235,5.51306303833477,67.0,LIMA|LIMA|ATE,Costa,12.1692865,12.598917499999999,0.42963099999999876,5.7775689055196375,378.0,6.025587625471347,standard
150117,Lima,Lima,Los Olivos,202512,Costa,13.149542833333332,13.6276235,5.51306303833477,67.0,LIMA|LIMA|SANTIAGO DE SURCO,Costa,12.475388166666667,13.845012833333334,1.3696246666666667,5.5173964983049775,107.0,6.1931338291311455,standard
150117,Lima,Lima,Los Olivos,202512,Costa,13.149542833333332,13.6276235,5.51306303833477,67.0,LIMA|LIMA|LA MOLINA,Costa,12.580947666666667,15.136581833333333,2.5556341666666658,5.14822927252502,262.0,7.450509435016224,standard
150125,Lima,Lima,Puente Piedra,202512,Costa,12.369981083333334,13.335299999999998,5.518086014860149,50.0,LIMA|LIMA|SANTIAGO DE SURCO,Costa,12.475388166666667,13.845012833333334,1.3696246666666667,5.5173964983049775,107.0,0.47865865373023936,standard
150125,Lima,Lima,Puente Piedra,202512,Costa,12.369981083333334,13.335299999999998,5.518086014860149,50.0,LIMA|LIMA|CHORRILLOS,Costa,11.888515833333331,12.7706095,0.8820936666666697,5.4972628481517605,68.0,1.6051641975957633,standard
150125,Lima,Lima,Puente Piedra,202512,Costa,12.369981083333334,13.335299999999998,5.518086014860149,50.0,CALLAO|CALLAO|VENTANILLA,Costa,11.567627833333333,12.707966,1.1403381666666679,5.499136994537383,43.0,2.328617170633462,standard
150125,Lima,Lima,Puente Piedra,202512,Costa,12.369981083333334,13.335299999999998,5.518086014860149,50.0,LIMA|LIMA|SAN BORJA,Costa,12.958890333333335,14.317558499999999,1.3586681666666642,5.054026706042903,170.0,2.4754136545660996,standard
150125,Lima,Lima,Puente Piedra,202512,Costa,12.369981083333334,13.335299999999998,5.518086014860149,50.0,ANCASH|SANTA|CHIMBOTE,Costa,11.554296666666668,12.564396166666668,1.0100995000000008,5.314316040434888,52.0,3.2221698872437448,standard
150127,Lima,Lima,Punta Negra,202504,Costa,11.25318275,12.357402666666667,3.8496650554787326,42.0,LIMA|CAÑETE|CERRO AZUL,Costa,11.202426833333334,13.157745666666665,1.9553188333333313,3.92054071650248,17.0,0.2719841878978875,standard
150127,Lima,Lima,Punta Negra,202504,Costa,11.25318275,12.357402666666667,3.8496650554787326,42.0,ICA|PISCO|PARACAS,Costa,10.946839083333332,12.8714595,1.9246204166666683,3.854123782101167,108.0,0.7243231427546054,standard
150127,Lima,Lima,Punta Negra,202504,Costa,11.25318275,12.357402666666667,3.8496650554787326,42.0,TUMBES|CONTRALMIRANTE VILLAR|CANOAS DE PUNTA SAL,Costa,12.068370166666668,13.227180333333331,1.1588101666666635,3.801815168581437,66.0,1.3547564286551868,standard
150127,Lima,Lima,Punta Negra,202504,Costa,11.25318275,12.357402666666667,3.8496650554787326,42.0,ICA|PISCO|SAN ANDRES,Costa,10.253922833333332,10.700584333333333,0.44666150000000115,4.138839312414322,16.0,1.9857257993290318,standard
150127,Lima,Lima,Punta Negra,202504,Costa,11.25318275,12.357402666666667,3.8496650554787326,42.0,TACNA|TACNA|SAMA,Costa,10.815384666666667,11.871944583333333,1.0565599166666662,3.508798965403905,425.0,2.2854568509605326,standard
150132,Lima,Lima,San Juan De Lurigancho,202512,Costa,12.709999083333331,12.896325333333335,6.0164044098960225,222.0,LIMA|LIMA|SANTIAGO DE SURCO,Costa,12.475388166666667,13.845012833333334,1.3696246666666667,5.5173964983049775,107.0,2.82645189993643,relaxed
150132,Lima,Lima,San Juan De Lurigancho,202512,Costa,12.709999083333331,12.896325333333335,6.0164044098960225,222.0,LIMA|LIMA|ATE,Costa,12.1692865,12.598917499999999,0.42963099999999876,5.7775689055196375,378.0,3.2756469611879706,relaxed
150132,Lima,Lima,San Juan De Lurigancho,202512,Costa,12.709999083333331,12.896325333333335,6.0164044098960225,222.0,LIMA|LIMA|CHORRILLOS,Costa,11.888515833333331,12.7706095,0.8820936666666697,5.4972628481517605,68.0,3.608252515619717,relaxed
150132,Lima,Lima,San Juan De Lurigancho,202512,Costa,12.709999083333331,12.896325333333335,6.0164044098960225,222.0,CALLAO|CALLAO|VENTANILLA,Costa,11.567627833333333,12.707966,1.1403381666666679,5.499136994537383,43.0,4.010983813500982,relaxed
150132,Lima,Lima,San Juan De Lurigancho,202512,Costa,12.709999083333331,12.896325333333335,6.0164044098960225,222.0,LIMA|LIMA|VILLA EL SALVADOR,Costa,11.0558665,12.191113166666668,1.1352466666666672,5.59467314876282,204.0,4.837155493274805,relaxed
150135,Lima,Lima,San Martin De Porres,202512,Costa,12.848277083333334,13.1768415,5.815632861710874,138.0,LIMA|LIMA|SANTIAGO DE SURCO,Costa,12.475388166666667,13.845012833333334,1.3696246666666667,5.5173964983049775,107.0,153934592.13660336,standard
150135,Lima,Lima,San Martin De Porres,202512,Costa,12.848277083333334,13.1768415,5.815632861710874,138.0,LIMA|LIMA|ATE,Costa,12.1692865,12.598917499999999,0.42963099999999876,5.7775689055196375,378.0,153934592.1366034,standard
150135,Lima,Lima,San Martin De Porres,202512,Costa,12.848277083333334,13.1768415,5.815632861710874,138.0,LIMA|LIMA|CHORRILLOS,Costa,11.888515833333331,12.7706095,0.8820936666666697,5.4972628481517605,68.0,153934592.13660342,standard
150502,Lima,Cañete,Asia,202512,Costa,12.396761916666668,12.945453083333334,3.9905164440282292,38.0,TACNA|TACNA|SAMA,Costa,12.522279916666667,12.149436333333334,-0.37284358333333323,3.508798965403905,425.0,3.4402007472153704,standard
150502,Lima,Cañete,Asia,202512,Costa,12.396761916666668,12.945453083333334,3.9905164440282292,38.0,ANCASH|HUARMEY|HUARMEY,Costa,11.7143535,11.121665583333334,-0.5926879166666659,4.399967765588587,30.0,4.089388295368156,standard
150502,Lima,Cañete,Asia,202512,Costa,12.396761916666668,12.945453083333334,3.9905164440282292,38.0,AREQUIPA|ISLAY|MOLLENDO,Costa,11.914071999999999,11.395482166666667,-0.5185898333333316,4.38153021583627,73.0,4.764178438477367,standard
150502,Lima,Cañete,Asia,202512,Costa,12.396761916666668,12.945453083333334,3.9905164440282292,38.0,LA LIBERTAD|ASCOPE|CHICAMA,Costa,12.955988749999998,12.976920499999999,0.020931750000000804,4.183753705592957,150.0,4.94247237315575,standard
150502,Lima,Cañete,Asia,202512,Costa,12.396761916666668,12.945453083333334,3.9905164440282292,38.0,LIMA|CAÑETE|QUILMANA,Costa,11.807795666666669,12.831639166666667,1.0238434999999981,4.2065830348377915,185.0,5.245188543564932,standard
150505,Lima,Cañete,Chilca,202510,Costa,11.779838666666668,12.847695916666666,4.333910543472979,31.0,ANCASH|HUARMEY|HUARMEY,Costa,11.870276833333333,10.937219916666669,-0.9330569166666649,4.399967765588587,30.0,0.3535232316416824,standard
150505,Lima,Cañete,Chilca,202510,Costa,11.779838666666668,12.847695916666666,4.333910543472979,31.0,AREQUIPA|ISLAY|MOLLENDO,Costa,11.785931166666666,11.454724166666665,-0.3312070000000009,4.38153021583627,73.0,0.5802228197799263,standard
150505,Lima,Cañete,Chilca,202510,Costa,11.779838666666668,12.847695916666666,4.333910543472979,31.0,LA LIBERTAD|PACASMAYO|PACASMAYO,Costa,11.367944666666666,11.690365,0.32242033333333353,4.461783560909769,21.0,0.9621664225317926,standard
150505,Lima,Cañete,Chilca,202510,Costa,11.779838666666668,12.847695916666666,4.333910543472979,31.0,LIMA|HUARAL|CHANCAY,Costa,11.501514166666666,12.546985416666665,1.0454712499999985,4.755264891412247,58.0,2.2767954395443994,standard
150505,Lima,Cañete,Chilca,202510,Costa,11.779838666666668,12.847695916666666,4.333910543472979,31.0,LIMA|CAÑETE|QUILMANA,Costa,10.832654333333332,12.92131866666667,2.0886643333333375,4.2065830348377915,185.0,2.8835283146875232,standard
150509,Lima,Cañete,Mala,202512,Costa,12.043643666666666,12.8104025,4.514773473997509,58.0,AREQUIPA|ISLAY|MOLLENDO,Costa,11.914071999999999,11.395482166666667,-0.5185898333333316,4.38153021583627,73.0,0.6350683879315231,standard
150509,Lima,Cañete,Mala,202512,Costa,12.043643666666666,12.8104025,4.514773473997509,58.0,ANCASH|HUARMEY|HUARMEY,Costa,11.7143535,11.121665583333334,-0.5926879166666659,4.399967765588587,30.0,0.7689446644028956,standard
150509,Lima,Cañete,Mala,202512,Costa,12.043643666666666,12.8104025,4.514773473997509,58.0,LA LIBERTAD|PACASMAYO|PACASMAYO,Costa,11.3782625,11.926713000000001,0.5484505000000013,4.461783560909769,21.0,1.2599066972151,standard
150509,Lima,Cañete,Mala,202512,Costa,12.043643666666666,12.8104025,4.514773473997509,58.0,LIMA|HUARAL|CHANCAY,Costa,11.760471833333334,12.895003416666666,1.1345315833333327,4.755264891412247,58.0,1.3039655585601844,standard
150509,Lima,Cañete,Mala,202512,Costa,12.043643666666666,12.8104025,4.514773473997509,58.0,PIURA|TALARA|PARIÑAS,Costa,11.919352416666667,12.677995416666668,0.7586430000000011,4.992593278477273,23.0,1.5589104324892291,standard
150811,Lima,Huaura,Sayan,202602,Costa,8.830200883333333,6.116048575,4.369364308781235,689.0,TACNA|TACNA|CIUDAD NUEVA,Costa,9.030744333333331,10.523437625,1.4926932916666686,4.503327551802781,695.0,0.36918127885536184,relaxed
150811,Lima,Huaura,Sayan,202602,Costa,8.830200883333333,6.116048575,4.369364308781235,689.0,ICA|ICA|SALAS,Costa,8.182186116666667,8.900114625,0.7179285083333333,4.411063857460923,452.0,1.0828743193990473,relaxed
150811,Lima,Huaura,Sayan,202602,Costa,8.830200883333333,6.116048575,4.369364308781235,689.0,TACNA|TACNA|ALTO DE LA ALIANZA,Costa,10.035910666666666,10.09275825,0.05684758333333306,4.532257394304991,603.0,1.1820283487024847,relaxed
150811,Lima,Huaura,Sayan,202602,Costa,8.830200883333333,6.116048575,4.369364308781235,689.0,ICA|ICA|SANTIAGO,Costa,10.055098333333333,10.810233125,0.7551347916666664,4.441616594274755,395.0,1.4279911227336128,relaxed
150811,Lima,Huaura,Sayan,202602,Costa,8.830200883333333,6.116048575,4.369364308781235,689.0,LIMA|HUARAL|AUCALLAMA,Costa,9.566181,10.5586335,0.9924524999999988,4.289232095922762,154.0,1.778187163105298,relaxed
200104,Piura,Piura,Castilla,202412,Costa,10.618500583333336,10.975581666666663,5.20466522269158,35.0,LIMA|LIMA|LURIN,Costa,10.521248583333334,9.655961750000001,-0.8652868333333323,4.950340509832722,12.0,0.915014575575074,standard
200104,Piura,Piura,Castilla,202412,Costa,10.618500583333336,10.975581666666663,5.20466522269158,35.0,ANCASH|SANTA|CHIMBOTE,Costa,10.243010666666665,11.074412166666667,0.8314015000000019,5.314316040434888,52.0,0.9588587913929468,standard
200104,Piura,Piura,Castilla,202412,Costa,10.618500583333336,10.975581666666663,5.20466522269158,35.0,ANCASH|SANTA|NUEVO CHIMBOTE,Costa,11.173928583333334,11.39039925,0.21647066666666603,5.202273023654431,40.0,0.973156238592965,standard
200104,Piura,Piura,Castilla,202412,Costa,10.618500583333336,10.975581666666663,5.20466522269158,35.0,CALLAO|CALLAO|VENTANILLA,Costa,11.119928666666667,11.508742500000002,0.3888138333333355,5.499136994537383,43.0,1.1595195098481645,standard
200104,Piura,Piura,Castilla,202412,Costa,10.618500583333336,10.975581666666663,5.20466522269158,35.0,LIMA|LIMA|PACHACAMAC,Costa,9.985633083333333,9.646615166666669,-0.3390179166666645,5.041672912078491,68.0,1.4121556416075745,standard
200105,Piura,Piura,Catacaos,202411,Costa,8.523658916666667,9.294575333333333,4.880070084064068,35.0,LA LIBERTAD|VIRU|VIRU,Costa,8.579925999999999,8.136948666666667,-0.44297733333333156,4.71938929954735,88.0,0.7702302344103603,standard
200105,Piura,Piura,Catacaos,202411,Costa,8.523658916666667,9.294575333333333,4.880070084064068,35.0,PIURA|PAITA|PAITA,Costa,8.972815833333334,8.820850583333334,-0.15196524999999994,4.94437902132634,71.0,1.1154537941191904,standard
200105,Piura,Piura,Catacaos,202411,Costa,8.523658916666667,9.294575333333333,4.880070084064068,35.0,LIMA|CAÑETE|SAN VICENTE DE CAÑETE,Costa,8.933892833333333,8.90084425,-0.033048583333332715,4.738582386232743,77.0,1.3085639253574564,standard
200105,Piura,Piura,Catacaos,202411,Costa,8.523658916666667,9.294575333333333,4.880070084064068,35.0,LA LIBERTAD|PACASMAYO|GUADALUPE,Costa,8.665349666666668,9.228157666666668,0.5628080000000004,4.6044096711329505,124.0,1.371430572511431,standard
200105,Piura,Piura,Catacaos,202411,Costa,8.523658916666667,9.294575333333333,4.880070084064068,35.0,LIMA|CAÑETE|IMPERIAL,Costa,8.700114166666667,8.415676566666665,-0.2844376000000022,4.590228621240158,112.0,1.4171341971530675,standard
200115,Piura,Piura,Veintiseis De Octubre,202412,Costa,9.117502333333334,10.074332333333334,5.219529515588539,53.0,PIURA|SULLANA|SULLANA,Costa,8.478356166666666,8.616791333333333,0.13843516666666744,5.228746732095208,76.0,1.362253877707592,standard
200115,Piura,Piura,Veintiseis De Octubre,202412,Costa,9.117502333333334,10.074332333333334,5.219529515588539,53.0,PIURA|PIURA|TAMBO GRANDE,Costa,9.223776833333334,9.9977185,0.7739416666666656,5.031388264038504,76.0,1.502369826900987,standard
200115,Piura,Piura,Veintiseis De Octubre,202412,Costa,9.117502333333334,10.074332333333334,5.219529515588539,53.0,PIURA|PAITA|PAITA,Costa,8.934038333333334,9.006268916666667,0.07223058333333299,4.94437902132634,71.0,1.6209533048813478,standard
200115,Piura,Piura,Veintiseis De Octubre,202412,Costa,9.117502333333334,10.074332333333334,5.219529515588539,53.0,LIMA|LIMA|SAN JUAN DE MIRAFLORES,Costa,9.486189666666668,9.846620833333333,0.36043116666666464,5.550496187327484,133.0,1.731171094032369,standard
200115,Piura,Piura,Veintiseis De Octubre,202412,Costa,9.117502333333334,10.074332333333334,5.219529515588539,53.0,LIMA|LIMA|CHORRILLOS,Costa,9.919709333333335,10.336170666666666,0.4164613333333307,5.4972628481517605,68.0,1.9202894842562581,standard
210101,Puno,Puno,Puno,202511,Sierra,9.624984666666668,11.306933333333332,5.131259276531794,3848.0,CUSCO|CANCHIS|SICUANI,Sierra,7.851952899999998,8.758279250000001,0.9063263500000032,4.76213066217665,3593.0,2.2067639462727313,relaxed
210101,Puno,Puno,Puno,202511,Sierra,9.624984666666668,11.306933333333332,5.131259276531794,3848.0,HUANCAVELICA|HUANCAVELICA|HUANCAVELICA,Sierra,9.064248416666667,9.372776333333332,0.3085279166666659,4.599621106961551,3746.0,2.2122319519665545,relaxed
210101,Puno,Puno,Puno,202511,Sierra,9.624984666666668,11.306933333333332,5.131259276531794,3848.0,ANCASH|HUARAZ|HUARAZ,Sierra,11.588362333333336,12.374002500000001,0.7856401666666653,4.784588766606927,3073.0,2.67577838736189,relaxed
210101,Puno,Puno,Puno,202511,Sierra,9.624984666666668,11.306933333333332,5.131259276531794,3848.0,ANCASH|HUARAZ|INDEPENDENCIA,Sierra,10.775720166666666,10.614243916666666,-0.16147624999999977,4.881316168666469,3046.0,2.7276162322641655,relaxed
210101,Puno,Puno,Puno,202511,Sierra,9.624984666666668,11.306933333333332,5.131259276531794,3848.0,LA LIBERTAD|SANCHEZ CARRION|HUAMACHUCO,Sierra,8.166619733333333,8.798394166666666,0.6317744333333337,4.825439100966339,3183.0,3.0740319149577457,relaxed
210402,Puno,Chucuito,Desaguadero,202601,Sierra,9.1093678,11.298338800000002,4.13946977558943,3849.0,HUANCAVELICA|HUANCAVELICA|HUANCAVELICA,Sierra,9.37915625,9.339763,-0.039393249999999824,4.599621106961551,3746.0,0.9582906281043887,relaxed
210402,Puno,Chucuito,Desaguadero,202601,Sierra,9.1093678,11.298338800000002,4.13946977558943,3849.0,AREQUIPA|CASTILLA|ORCOPAMPA,Sierra,8.031214,10.261517399999999,2.2303033999999986,3.9125939977521056,3818.0,1.1918043579411144,relaxed
210402,Puno,Chucuito,Desaguadero,202601,Sierra,9.1093678,11.298338800000002,4.13946977558943,3849.0,CUSCO|CANCHIS|SICUANI,Sierra,8.221462233333332,9.1077581,0.8862958666666678,4.76213066217665,3593.0,1.3494389493706216,relaxed
210402,Puno,Chucuito,Desaguadero,202601,Sierra,9.1093678,11.298338800000002,4.13946977558943,3849.0,CUSCO|ANTA|ANTA,Sierra,8.063920999999999,8.39501874,0.3310977400000006,4.335939069031729,3363.0,1.6446045154288707,relaxed
210402,Puno,Chucuito,Desaguadero,202601,Sierra,9.1093678,11.298338800000002,4.13946977558943,3849.0,LA LIBERTAD|SANCHEZ CARRION|HUAMACHUCO,Sierra,8.762626166666667,8.528554199999999,-0.23407196666666863,4.825439100966339,3183.0,1.825995312752047,relaxed
210801,Puno,Melgar,Ayaviri,202602,Sierra,9.922681333333337,10.36214875,4.388314387117743,3937.0,HUANCAVELICA|HUANCAVELICA|HUANCAVELICA,Sierra,9.59191575,9.239378125,-0.3525376250000001,4.599621106961551,3746.0,0.6418353303793272,relaxed
210801,Puno,Melgar,Ayaviri,202602,Sierra,9.922681333333337,10.36214875,4.388314387117743,3937.0,CUSCO|CANCHIS|SICUANI,Sierra,8.39885925,9.25138325,0.8525240000000007,4.76213066217665,3593.0,1.4644010172981952,relaxed
210801,Puno,Melgar,Ayaviri,202602,Sierra,9.922681333333337,10.36214875,4.388314387117743,3937.0,JUNIN|YAULI|LA OROYA,Sierra,11.786325083333333,12.774821249999999,0.9884961666666658,4.146778989307833,3757.0,1.5952314887256969,relaxed
210801,Puno,Melgar,Ayaviri,202602,Sierra,9.922681333333337,10.36214875,4.388314387117743,3937.0,JUNIN|YAULI|YAULI,Sierra,11.162386083333331,10.6621945,-0.500191583333331,3.727622577969137,4137.0,1.687322373245882,relaxed
210801,Puno,Melgar,Ayaviri,202602,Sierra,9.922681333333337,10.36214875,4.388314387117743,3937.0,AREQUIPA|CASTILLA|ORCOPAMPA,Sierra,8.393387166666667,10.25142125,1.858034083333333,3.9125939977521056,3818.0,1.9600474622996227,relaxed
211101,Puno,San Roman,Juliaca,202511,Sierra,9.839242,10.921399999999998,5.359315535025315,3877.0,CUSCO|CANCHIS|SICUANI,Sierra,7.851952899999998,8.758279250000001,0.9063263500000032,4.76213066217665,3593.0,8.5587144953672,relaxed
211101,Puno,San Roman,Juliaca,202511,Sierra,9.839242,10.921399999999998,5.359315535025315,3877.0,ANCASH|HUARAZ|INDEPENDENCIA,Sierra,10.775720166666666,10.614243916666666,-0.16147624999999977,4.881316168666469,3046.0,8.870374566787214,relaxed
211101,Puno,San Roman,Juliaca,202511,Sierra,9.839242,10.921399999999998,5.359315535025315,3877.0,LA LIBERTAD|SANCHEZ CARRION|HUAMACHUCO,Sierra,8.166619733333333,8.798394166666666,0.6317744333333337,4.825439100966339,3183.0,9.181741155409485,relaxed
211101,Puno,San Roman,Juliaca,202511,Sierra,9.839242,10.921399999999998,5.359315535025315,3877.0,ANCASH|HUARAZ|HUARAZ,Sierra,11.588362333333336,12.374002500000001,0.7856401666666653,4.784588766606927,3073.0,10.001060527172335,relaxed
211101,Puno,San Roman,Juliaca,202511,Sierra,9.839242,10.921399999999998,5.359315535025315,3877.0,HUANCAVELICA|HUANCAVELICA|HUANCAVELICA,Sierra,9.064248416666667,9.372776333333332,0.3085279166666659,4.599621106961551,3746.0,10.116319307817738,relaxed
211104,Puno,San Roman,Caracoto,202511,Sierra,8.681847883333335,11.529541166666666,3.833656996892872,3844.0,AREQUIPA|CASTILLA|ORCOPAMPA,Sierra,8.039725333333333,10.006688500000001,1.9669631666666678,3.9125939977521056,3818.0,0.6435323266352398,relaxed
211104,Puno,San Roman,Caracoto,202511,Sierra,8.681847883333335,11.529541166666666,3.833656996892872,3844.0,JUNIN|YAULI|HUAYHUAY,Sierra,8.238624549999999,8.068378183333335,-0.17024636666666382,3.2893659515200318,3995.0,1.2882927979864915,relaxed
211104,Puno,San Roman,Caracoto,202511,Sierra,8.681847883333335,11.529541166666666,3.833656996892872,3844.0,HUANCAVELICA|HUANCAVELICA|HUANCAVELICA,Sierra,9.064248416666667,9.372776333333332,0.3085279166666659,4.599621106961551,3746.0,1.7665474192979191,relaxed
211104,Puno,San Roman,Caracoto,202511,Sierra,8.681847883333335,11.529541166666666,3.833656996892872,3844.0,CUSCO|CANCHIS|SICUANI,Sierra,7.851952899999998,8.758279250000001,0.9063263500000032,4.76213066217665,3593.0,1.8301195354877784,relaxed
211104,Puno,San Roman,Caracoto,202511,Sierra,8.681847883333335,11.529541166666666,3.833656996892872,3844.0,CUSCO|ANTA|ANTA,Sierra,7.573256383333334,8.31330645,0.740050066666667,4.335939069031729,3363.0,1.9920406858242017,relaxed
211105,Puno,San Roman,San Miguel,202511,Sierra,10.766995666666666,12.279728,4.795622838878449,3875.0,HUANCAVELICA|HUANCAVELICA|HUANCAVELICA,Sierra,9.064248416666667,9.372776333333332,0.3085279166666659,4.599621106961551,3746.0,1.9185426612255518,relaxed
211105,Puno,San Roman,San Miguel,202511,Sierra,10.766995666666666,12.279728,4.795622838878449,3875.0,ANCASH|HUARAZ|INDEPENDENCIA,Sierra,10.775720166666666,10.614243916666666,-0.16147624999999977,4.881316168666469,3046.0,2.399738054216647,relaxed
211105,Puno,San Roman,San Miguel,202511,Sierra,10.766995666666666,12.279728,4.795622838878449,3875.0,JUNIN|YAULI|LA OROYA,Sierra,11.963421083333335,12.148803583333333,0.18538249999999756,4.146778989307833,3757.0,2.446296170009447,relaxed
211105,Puno,San Roman,San Miguel,202511,Sierra,10.766995666666666,12.279728,4.795622838878449,3875.0,ANCASH|HUARAZ|HUARAZ,Sierra,11.588362333333336,12.374002500000001,0.7856401666666653,4.784588766606927,3073.0,2.462896049658181,relaxed
211105,Puno,San Roman,San Miguel,202511,Sierra,10.766995666666666,12.279728,4.795622838878449,3875.0,ANCASH|HUARI|SAN MARCOS,Sierra,10.690226500000001,12.084035833333331,1.39380933333333,4.231291146418349,2988.0,2.9938738986999076,relaxed
230203,Tacna,Candarave,Camilaca,202412,Sierra,7.522975333333332,9.7300665,3.059941888061955,3853.0,AYACUCHO|PAUCAR DEL SARA SARA|OYOLO,Sierra,7.067121316666667,8.1449534,1.077832083333333,3.1622656142980214,3410.0,3.2732203383165883,relaxed
230203,Tacna,Candarave,Camilaca,202412,Sierra,7.522975333333332,9.7300665,3.059941888061955,3853.0,AREQUIPA|CASTILLA|ORCOPAMPA,Sierra,8.435787066666666,9.100751666666667,0.6649646000000011,3.9125939977521056,3818.0,3.837145152243172,relaxed
230203,Tacna,Candarave,Camilaca,202412,Sierra,7.522975333333332,9.7300665,3.059941888061955,3853.0,AREQUIPA|CAYLLOMA|YANQUE,Sierra,9.29165025,7.9588382666666675,-1.3328119833333325,3.325720858019412,3468.0,4.891707296725359,relaxed
240101,Tumbes,Tumbes,Tumbes,202511,Costa,11.193017166666666,12.311760833333333,5.009901104782336,9.0,LIMA|HUAURA|HUACHO,Costa,11.137663000000002,12.092677166666666,0.9550141666666647,4.800318333894614,46.0,1.0370986350803846,standard
240101,Tumbes,Tumbes,Tumbes,202511,Costa,11.193017166666666,12.311760833333333,5.009901104782336,9.0,PIURA|TALARA|PARIÑAS,Costa,11.916035666666668,12.568119333333334,0.6520836666666661,4.992593278477273,23.0,1.6006804837881548,standard
240101,Tumbes,Tumbes,Tumbes,202511,Costa,11.193017166666666,12.311760833333333,5.009901104782336,9.0,LIMA|LIMA|LURIN,Costa,10.314543166666665,12.48207,2.1675268333333353,4.950340509832722,12.0,1.6724433843483255,standard
240101,Tumbes,Tumbes,Tumbes,202511,Costa,11.193017166666666,12.311760833333333,5.009901104782336,9.0,PIURA|PIURA|TAMBO GRANDE,Costa,10.7177435,10.818921833333334,0.10117833333333515,5.031388264038504,76.0,1.7019438215596054,standard
240101,Tumbes,Tumbes,Tumbes,202511,Costa,11.193017166666666,12.311760833333333,5.009901104782336,9.0,ANCASH|SANTA|CHIMBOTE,Costa,11.527668333333333,12.408476666666667,0.8808083333333343,5.314316040434888,52.0,1.8913042904964268,standard
