department,province,district,yearmonth,category
Ica,Chincha,Sunampe,202405,empty_field
Ica,Chincha,Sunampe,202406,empty_field
Ica,Chincha,Sunampe,202407,empty_field
Ica,Chincha,Sunampe,202408,empty_field
Ica,Chincha,Sunampe,202409,empty_field
Ica,Chincha,Sunampe,202410,empty_field
Ica,Chincha,Sunampe,202411,empty_field
Ica,Chincha,Sunampe,202412,empty_field
Ica,Chincha,Sunampe,202501,empty_field
Ica,Chincha,Sunampe,202502,empty_field
Ica,Chincha,Sunampe,202503,empty_field
Ica,Chincha,Sunampe,202504,empty_field
Ica,Chincha,Sunampe,202505,empty_field
Ica,Chincha,Sunampe,202506,empty_field
Ica,Chincha,Sunampe,202507,empty_field
Ica,Chincha,Sunampe,202508,empty_field
Ica,Chincha,Sunampe,202509,empty_field
Ica,Chincha,Sunampe,202510,empty_field
Ica,Chincha,Sunampe,202511,empty_field
Ica,Chincha,Sunampe,202512,empty_field
Ica,Chincha,Sunampe,202601,empty_field
Ica,Chincha,Sunampe,202602,empty_field
Ica,Chincha,Sunampe,202603,empty_field
Ica,Chincha,Sunampe,202604,empty_field
Ica,Chincha,Sunampe,202605,empty_field
Ica,Chincha,Alto Laran,202406,empty_field
Ica,Chincha,Alto Laran,202407,empty_field
Ica,Chincha,Alto Laran,202408,empty_field
Ica,Chincha,Alto Laran,202409,empty_field
Ica,Chincha,Alto Laran,202410,empty_field
Ica,Chincha,Alto Laran,202411,empty_field
Ica,Chincha,Alto Laran,202412,empty_field
Ica,Chincha,Alto Laran,202501,empty_field
Ica,Chincha,Alto Laran,202502,empty_field
Ica,Chincha,Alto Laran,202503,empty_field
Ica,Chincha,Alto Laran,202504,empty_field
Ica,Chincha,Alto Laran,202505,empty_field
Ica,Chincha,Alto Laran,202506,empty_field
Ica,Chincha,Alto Laran,202507,empty_field
Ica,Chincha,Alto Laran,202508,empty_field
Ica,Chincha,Alto Laran,202509,empty_field
Ica,Chincha,Alto Laran,202510,empty_field
Ica,Chincha,Alto Laran,202511,empty_field
Ica,Chincha,Alto Laran,202512,empty_field
Ica,Chincha,Alto Laran,202601,empty_field
Ica,Chincha,Alto Laran,202602,empty_field
Ica,Chincha,Alto Laran,202603,empty_field
Ica,Chincha,Alto Laran,202604,empty_field
Ica,Chincha,Alto Laran,202605,empty_field
Ica,Chincha,Chincha Alta,202406,empty_field
Ica,Chincha,Chincha Alta,202407,empty_field
Ica,Chincha,Chincha Alta,202408,empty_field
Ica,Chincha,Chincha Alta,202409,empty_field
Ica,Chincha,Chincha Alta,202410,empty_field
Ica,Chincha,Chincha Alta,202411,empty_field
Ica,Chincha,Chincha Alta,202412,empty_field
Ica,Chincha,Chincha Alta,202501,empty_field
Ica,Chincha,Chincha Alta,202502,empty_field
Ica,Chincha,Chincha Alta,202503,empty_field
Ica,Chincha,Chincha Alta,202504,empty_field
Ica,Chincha,Chincha Alta,202505,empty_field
Ica,Chincha,Chincha Alta,202506,empty_field
Ica,Chincha,Chincha Alta,202507,empty_field
Ica,Chincha,Chincha Alta,202508,empty_field
Ica,Chincha,Chincha Alta,202509,empty_field
Ica,Chincha,Chincha Alta,202510,empty_field
Ica,Chincha,Chincha Alta,202511,empty_field
Ica,Chincha,Chincha Alta,202512,empty_field
Ica,Chincha,Chincha Alta,202601,empty_field
Ica,Chincha,Chincha Alta,202602,empty_field
Ica,Chincha,Chincha Alta,202603,empty_field
Ica,Chincha,Chincha Alta,202604,empty_field
Ica,Chincha,Chincha Alta,202605,empty_field
Ica,Chincha,Chincha Baja,202406,empty_field
Ica,Chincha,Chincha Baja,202407,empty_field
Ica,Chincha,Chincha Baja,202408,empty_field
Ica,Chincha,Chincha Baja,202409,empty_field
Ica,Chincha,Chincha Baja,202410,empty_field
Ica,Chincha,Chincha Baja,202411,empty_field
Ica,Chincha,Chincha Baja,202412,empty_field
Ica,Chincha,Chincha Baja,202501,empty_field
Ica,Chincha,Chincha Baja,202502,empty_field
Ica,Chincha,Chincha Baja,202503,empty_field
Ica,Chincha,Chincha Baja,202504,empty_field
Ica,Chincha,Chincha Baja,202505,empty_field
Ica,Chincha,Chincha Baja,202506,empty_field
Ica,Chincha,Chincha Baja,202507,empty_field
Ica,Chincha,Chincha Baja,202508,empty_field
Ica,Chincha,Chincha Baja,202509,empty_field
Ica,Chincha,Chincha Baja,202510,empty_field
Ica,Chincha,Chincha Baja,202511,empty_field
Ica,Chincha,Chincha Baja,202512,empty_field
Ica,Chincha,Chincha Baja,202601,empty_field
Ica,Chincha,Chincha Baja,202602,empty_field
Ica,Chincha,Chincha Baja,202603,empty_field
Ica,Chincha,Chincha Baja,202604,empty_field
Ica,Chincha,Chincha Baja,202605,empty_field
Ica,Chincha,El Carmen,202406,empty_field
Ica,Chincha,El Carmen,202407,empty_field
Ica,Chincha,El Carmen,202408,empty_field
Ica,Chincha,El Carmen,202409,empty_field
Ica,Chincha,El Carmen,202410,empty_field
Ica,Chincha,El Carmen,202411,empty_field
Ica,Chincha,El Carmen,202412,empty_field
Ica,Chincha,El Carmen,202501,empty_field
Ica,Chincha,El Carmen,202502,empty_field
Ica,Chincha,El Carmen,202503,empty_field
Ica,Chincha,El Carmen,202504,empty_field
Ica,Chincha,El Carmen,202505,empty_field
Ica,Chincha,El Carmen,202506,empty_field
Ica,Chincha,El Carmen,202507,empty_field
Ica,Chincha,El Carmen,202508,empty_field
Ica,Chincha,El Carmen,202509,empty_field
Ica,Chincha,El Carmen,202510,empty_field
Ica,Chincha,El Carmen,202511,empty_field
Ica,Chincha,El Carmen,202512,empty_field
Ica,Chincha,El Carmen,202601,empty_field
Ica,Chincha,El Carmen,202602,empty_field
Ica,Chincha,El Carmen,202603,empty_field
Ica,Chincha,El Carmen,202604,empty_field
Ica,Chincha,El Carmen,202605,empty_field
Ica,Chincha,Pueblo Nuevo,202406,empty_field
Ica,Chincha,Pueblo Nuevo,202407,empty_field
Ica,Chincha,Pueblo Nuevo,202408,empty_field
Ica,Chincha,Pueblo Nuevo,202409,empty_field
Ica,Chincha,Pueblo Nuevo,202410,empty_field
Ica,Chincha,Pueblo Nuevo,202411,empty_field
Ica,Chincha,Pueblo Nuevo,202412,empty_field
Ica,Chincha,Pueblo Nuevo,202501,empty_field
Ica,Chincha,Pueblo Nuevo,202502,empty_field
Ica,Chincha,Pueblo Nuevo,202503,empty_field
Ica,Chincha,Pueblo Nuevo,202504,empty_field
Ica,Chincha,Pueblo Nuevo,202505,empty_field
Ica,Chincha,Pueblo Nuevo,202506,empty_field
Ica,Chincha,Pueblo Nuevo,202507,empty_field
Ica,Chincha,Pueblo Nuevo,202508,empty_field
Ica,Chincha,Pueblo Nuevo,202509,empty_field
Ica,Chincha,Pueblo Nuevo,202510,empty_field
Ica,Chincha,Pueblo Nuevo,202511,empty_field
Ica,Chincha,Pueblo Nuevo,202512,empty_field
Ica,Chincha,Pueblo Nuevo,202601,empty_field
Ica,Chincha,Pueblo Nuevo,202602,empty_field
Ica,Chincha,Pueblo Nuevo,202603,empty_field
Ica,Chincha,Pueblo Nuevo,202604,empty_field
Ica,Chincha,Pueblo Nuevo,202605,empty_field
Arequipa,Arequipa,Alto Selva Alegre,202410,empty_field
Arequipa,Arequipa,Alto Selva Alegre,202411,empty_field
Arequipa,Arequipa,Alto Selva Alegre,202412,empty_field
Arequipa,Arequipa,Alto Selva Alegre,202501,empty_field
Arequipa,Arequipa,Alto Selva Alegre,202502,empty_field
Arequipa,Arequipa,Alto Selva Alegre,202503,empty_field
Arequipa,Arequipa,Alto Selva Alegre,202504,empty_field
Arequipa,Arequipa,Alto Selva Alegre,202505,empty_field
Arequipa,Arequipa,Alto Selva Alegre,202506,empty_field
Arequipa,Arequipa,Alto Selva Alegre,202507,empty_field
Arequipa,Arequipa,Alto Selva Alegre,202508,empty_field
Arequipa,Arequipa,Alto Selva Alegre,202509,empty_field
Arequipa,Arequipa,Alto Selva Alegre,202510,empty_field
Arequipa,Arequipa,Alto Selva Alegre,202511,empty_field
Arequipa,Arequipa,Alto Selva Alegre,202512,empty_field
Arequipa,Arequipa,Alto Selva Alegre,202601,empty_field
Arequipa,Arequipa,Alto Selva Alegre,202602,empty_field
Arequipa,Arequipa,Alto Selva Alegre,202603,empty_field
Arequipa,Arequipa,Alto Selva Alegre,202604,empty_field
Arequipa,Arequipa,Alto Selva Alegre,202605,empty_field
Arequipa,Arequipa,Jacobo Hunter,202410,empty_field
Arequipa,Arequipa,Jacobo Hunter,202411,empty_field
Arequipa,Arequipa,Jacobo Hunter,202412,empty_field
Arequipa,Arequipa,Jacobo Hunter,202501,empty_field
Arequipa,Arequipa,Jacobo Hunter,202502,empty_field
Arequipa,Arequipa,Jacobo Hunter,202503,empty_field
Arequipa,Arequipa,Jacobo Hunter,202504,empty_field
Arequipa,Arequipa,Jacobo Hunter,202505,empty_field
Arequipa,Arequipa,Jacobo Hunter,202506,empty_field
Arequipa,Arequipa,Jacobo Hunter,202507,empty_field
Arequipa,Arequipa,Jacobo Hunter,202508,empty_field
Arequipa,Arequipa,Jacobo Hunter,202509,empty_field
Arequipa,Arequipa,Jacobo Hunter,202510,empty_field
Arequipa,Arequipa,Jacobo Hunter,202511,empty_field
Arequipa,Arequipa,Jacobo Hunter,202512,empty_field
Arequipa,Arequipa,Jacobo Hunter,202601,empty_field
Arequipa,Arequipa,Jacobo Hunter,202602,empty_field
Arequipa,Arequipa,Jacobo Hunter,202603,empty_field
Arequipa,Arequipa,Jacobo Hunter,202604,empty_field
Arequipa,Arequipa,Jacobo Hunter,202605,empty_field
Arequipa,Arequipa,Sachaca,202410,empty_field
Arequipa,Arequipa,Sachaca,202411,empty_field
Arequipa,Arequipa,Sachaca,202412,empty_field
Arequipa,Arequipa,Sachaca,202501,empty_field
Arequipa,Arequipa,Sachaca,202502,empty_field
Arequipa,Arequipa,Sachaca,202503,empty_field
Arequipa,Arequipa,Sachaca,202504,empty_field
Arequipa,Arequipa,Sachaca,202505,empty_field
Arequipa,Arequipa,Sachaca,202506,empty_field
Arequipa,Arequipa,Sachaca,202507,empty_field
Arequipa,Arequipa,Sachaca,202508,empty_field
Arequipa,Arequipa,Sachaca,202509,empty_field
Arequipa,Arequipa,Sachaca,202510,empty_field
Arequipa,Arequipa,Sachaca,202511,empty_field
Arequipa,Arequipa,Sachaca,202512,empty_field
Arequipa,Arequipa,Sachaca,202601,empty_field
Arequipa,Arequipa,Sachaca,202602,empty_field
Arequipa,Arequipa,Sachaca,202603,empty_field
Arequipa,Arequipa,Sachaca,202604,empty_field
Arequipa,Arequipa,Sachaca,202605,empty_field
Arequipa,Arequipa,Socabaya,202410,empty_field
Arequipa,Arequipa,Socabaya,202411,empty_field
Arequipa,Arequipa,Socabaya,202412,empty_field
Arequipa,Arequipa,Socabaya,202501,empty_field
Arequipa,Arequipa,Socabaya,202502,empty_field
Arequipa,Arequipa,Socabaya,202503,empty_field
Arequipa,Arequipa,Socabaya,202504,empty_field
Arequipa,Arequipa,Socabaya,202505,empty_field
Arequipa,Arequipa,Socabaya,202506,empty_field
Arequipa,Arequipa,Socabaya,202507,empty_field
Arequipa,Arequipa,Socabaya,202508,empty_field
Arequipa,Arequipa,Socabaya,202509,empty_field
Arequipa,Arequipa,Socabaya,202510,empty_field
Arequipa,Arequipa,Socabaya,202511,empty_field
Arequipa,Arequipa,Socabaya,202512,empty_field
Arequipa,Arequipa,Socabaya,202601,empty_field
Arequipa,Arequipa,Socabaya,202602,empty_field
Arequipa,Arequipa,Socabaya,202603,empty_field
Arequipa,Arequipa,Socabaya,202604,empty_field
Arequipa,Arequipa,Socabaya,202605,empty_field
Arequipa,Arequipa,Tiabaya,202410,empty_field
Arequipa,Arequipa,Tiabaya,202411,empty_field
Arequipa,Arequipa,Tiabaya,202412,empty_field
Arequipa,Arequipa,Tiabaya,202501,empty_field
Arequipa,Arequipa,Tiabaya,202502,empty_field
Arequipa,Arequipa,Tiabaya,202503,empty_field
Arequipa,Arequipa,Tiabaya,202504,empty_field
Arequipa,Arequipa,Tiabaya,202505,empty_field
Arequipa,Arequipa,Tiabaya,202506,empty_field
Arequipa,Arequipa,Tiabaya,202507,empty_field
Arequipa,Arequipa,Tiabaya,202508,empty_field
Arequipa,Arequipa,Tiabaya,202509,empty_field
Arequipa,Arequipa,Tiabaya,202510,empty_field
Arequipa,Arequipa,Tiabaya,202511,empty_field
Arequipa,Arequipa,Tiabaya,202512,empty_field
Arequipa,Arequipa,Tiabaya,202601,empty_field
Arequipa,Arequipa,Tiabaya,202602,empty_field
Arequipa,Arequipa,Tiabaya,202603,empty_field
Arequipa,Arequipa,Tiabaya,202604,empty_field
Arequipa,Arequipa,Tiabaya,202605,empty_field
Arequipa,Arequipa,Yanahuara,202410,empty_field
Arequipa,Arequipa,Yanahuara,202411,empty_field
Arequipa,Arequipa,Yanahuara,202412,empty_field
Arequipa,Arequipa,Yanahuara,202501,empty_field
Arequipa,Arequipa,Yanahuara,202502,empty_field
Arequipa,Arequipa,Yanahuara,202503,empty_field
Arequipa,Arequipa,Yanahuara,202504,empty_field
Arequipa,Arequipa,Yanahuara,202505,empty_field
Arequipa,Arequipa,Yanahuara,202506,empty_field
Arequipa,Arequipa,Yanahuara,202507,empty_field
Arequipa,Arequipa,Yanahuara,202508,empty_field
Arequipa,Arequipa,Yanahuara,202509,empty_field
Arequipa,Arequipa,Yanahuara,202510,empty_field
Arequipa,Arequipa,Yanahuara,202511,empty_field
Arequipa,Arequipa,Yanahuara,202512,empty_field
Arequipa,Arequipa,Yanahuara,202601,empty_field
Arequipa,Arequipa,Yanahuara,202602,empty_field
Arequipa,Arequipa,Yanahuara,202603,empty_field
Arequipa,Arequipa,Yanahuara,202604,empty_field
Arequipa,Arequipa,Yanahuara,202605,empty_field
Arequipa,Arequipa,Cayma,202411,empty_field
Arequipa,Arequipa,Cayma,202412,empty_field
Arequipa,Arequipa,Cayma,202501,empty_field
Arequipa,Arequipa,Cayma,202502,empty_field
Arequipa,Arequipa,Cayma,202503,empty_field
Arequipa,Arequipa,Cayma,202504,empty_field
Arequipa,Arequipa,Cayma,202505,empty_field
Arequipa,Arequipa,Cayma,202506,empty_field
Arequipa,Arequipa,Cayma,202507,empty_field
Arequipa,Arequipa,Cayma,202508,empty_field
Arequipa,Arequipa,Cayma,202509,empty_field
Arequipa,Arequipa,Cayma,202510,empty_field
Arequipa,Arequipa,Cayma,202511,empty_field
Arequipa,Arequipa,Cayma,202512,empty_field
Arequipa,Arequipa,Cayma,202601,empty_field
Arequipa,Arequipa,Cayma,202602,empty_field
Arequipa,Arequipa,Cayma,202603,empty_field
Arequipa,Arequipa,Cayma,202604,empty_field
Arequipa,Arequipa,Cayma,202605,empty_field
Arequipa,Arequipa,Jose Luis Bustamante Y Rivero,202411,empty_field
Arequipa,Arequipa,Jose Luis Bustamante Y Rivero,202412,empty_field
Arequipa,Arequipa,Jose Luis Bustamante Y Rivero,202501,empty_field
Arequipa,Arequipa,Jose Luis Bustamante Y Rivero,202502,empty_field
Arequipa,Arequipa,Jose Luis Bustamante Y Rivero,202503,empty_field
Arequipa,Arequipa,Jose Luis Bustamante Y Rivero,202504,empty_field
Arequipa,Arequipa,Jose Luis Bustamante Y Rivero,202505,empty_field
Arequipa,Arequipa,Jose Luis Bustamante Y Rivero,202506,empty_field
Arequipa,Arequipa,Jose Luis Bustamante Y Rivero,202507,empty_field
Arequipa,Arequipa,Jose Luis Bustamante Y Rivero,202508,empty_field
Arequipa,Arequipa,Jose Luis Bustamante Y Rivero,202509,empty_field
Arequipa,Arequipa,Jose Luis Bustamante Y Rivero,202510,empty_field
Arequipa,Arequipa,Jose Luis Bustamante Y Rivero,202511,empty_field
Arequipa,Arequipa,Jose Luis Bustamante Y Rivero,202512,empty_field
Arequipa,Arequipa,Jose Luis Bustamante Y Rivero,202601,empty_field
Arequipa,Arequipa,Jose Luis Bustamante Y Rivero,202602,empty_field
Arequipa,Arequipa,Jose Luis Bustamante Y Rivero,202603,empty_field
Arequipa,Arequipa,Jose Luis Bustamante Y Rivero,202604,empty_field
Arequipa,Arequipa,Jose Luis Bustamante Y Rivero,202605,empty_field
Arequipa,Arequipa,Mariano Melgar,202411,empty_field
Arequipa,Arequipa,Mariano Melgar,202412,empty_field
Arequipa,Arequipa,Mariano Melgar,202501,empty_field
Arequipa,Arequipa,Mariano Melgar,202502,empty_field
Arequipa,Arequipa,Mariano Melgar,202503,empty_field
Arequipa,Arequipa,Mariano Melgar,202504,empty_field
Arequipa,Arequipa,Mariano Melgar,202505,empty_field
Arequipa,Arequipa,Mariano Melgar,202506,empty_field
Arequipa,Arequipa,Mariano Melgar,202507,empty_field
Arequipa,Arequipa,Mariano Melgar,202508,empty_field
Arequipa,Arequipa,Mariano Melgar,202509,empty_field
Arequipa,Arequipa,Mariano Melgar,202510,empty_field
Arequipa,Arequipa,Mariano Melgar,202511,empty_field
Arequipa,Arequipa,Mariano Melgar,202512,empty_field
Arequipa,Arequipa,Mariano Melgar,202601,empty_field
Arequipa,Arequipa,Mariano Melgar,202602,empty_field
Arequipa,Arequipa,Mariano Melgar,202603,empty_field
Arequipa,Arequipa,Mariano Melgar,202604,empty_field
Arequipa,Arequipa,Mariano Melgar,202605,empty_field
Arequipa,Arequipa,Miraflores,202411,empty_field
Arequipa,Arequipa,Miraflores,202412,empty_field
Arequipa,Arequipa,Miraflores,202501,empty_field
Arequipa,Arequipa,Miraflores,202502,empty_field
Arequipa,Arequipa,Miraflores,202503,empty_field
Arequipa,Arequipa,Miraflores,202504,empty_field
Arequipa,Arequipa,Miraflores,202505,empty_field
Arequipa,Arequipa,Miraflores,202506,empty_field
Arequipa,Arequipa,Miraflores,202507,empty_field
Arequipa,Arequipa,Miraflores,202508,empty_field
Arequipa,Arequipa,Miraflores,202509,empty_field
Arequipa,Arequipa,Miraflores,202510,empty_field
Arequipa,Arequipa,Miraflores,202511,empty_field
Arequipa,Arequipa,Miraflores,202512,empty_field
Arequipa,Arequipa,Miraflores,202601,empty_field
Arequipa,Arequipa,Miraflores,202602,empty_field
Arequipa,Arequipa,Miraflores,202603,empty_field
Arequipa,Arequipa,Miraflores,202604,empty_field
Arequipa,Arequipa,Miraflores,202605,empty_field
Arequipa,Arequipa,Paucarpata,202411,empty_field
Arequipa,Arequipa,Paucarpata,202412,empty_field
Arequipa,Arequipa,Paucarpata,202501,empty_field
Arequipa,Arequipa,Paucarpata,202502,empty_field
Arequipa,Arequipa,Paucarpata,202503,empty_field
Arequipa,Arequipa,Paucarpata,202504,empty_field
Arequipa,Arequipa,Paucarpata,202505,empty_field
Arequipa,Arequipa,Paucarpata,202506,empty_field
Arequipa,Arequipa,Paucarpata,202507,empty_field
Arequipa,Arequipa,Paucarpata,202508,empty_field
Arequipa,Arequipa,Paucarpata,202509,empty_field
Arequipa,Arequipa,Paucarpata,202510,empty_field
Arequipa,Arequipa,Paucarpata,202511,empty_field
Arequipa,Arequipa,Paucarpata,202512,empty_field
Arequipa,Arequipa,Paucarpata,202601,empty_field
Arequipa,Arequipa,Paucarpata,202602,empty_field
Arequipa,Arequipa,Paucarpata,202603,empty_field
Arequipa,Arequipa,Paucarpata,202604,empty_field
Arequipa,Arequipa,Paucarpata,202605,empty_field
Piura,Piura,Catacaos,202411,empty_field
Piura,Piura,Catacaos,202412,empty_field
Piura,Piura,Catacaos,202501,empty_field
Piura,Piura,Catacaos,202502,empty_field
Piura,Piura,Catacaos,202503,empty_field
Piura,Piura,Catacaos,202504,empty_field
Piura,Piura,Catacaos,202505,empty_field
Piura,Piura,Catacaos,202506,empty_field
Piura,Piura,Catacaos,202507,empty_field
Piura,Piura,Catacaos,202508,empty_field
Piura,Piura,Catacaos,202509,empty_field
Piura,Piura,Catacaos,202510,empty_field
Piura,Piura,Catacaos,202511,empty_field
Piura,Piura,Catacaos,202512,empty_field
Piura,Piura,Catacaos,202601,empty_field
Piura,Piura,Catacaos,202602,empty_field
Piura,Piura,Catacaos,202603,empty_field
Piura,Piura,Catacaos,202604,empty_field
Piura,Piura,Catacaos,202605,empty_field
Junin,Huancayo,San Agustin,202412,empty_field
Junin,Huancayo,San Agustin,202501,empty_field
Junin,Huancayo,San Agustin,202502,empty_field
Junin,Huancayo,San Agustin,202503,empty_field
Junin,Huancayo,San Agustin,202504,empty_field
Junin,Huancayo,San Agustin,202505,empty_field
Junin,Huancayo,San Agustin,202506,empty_field
Junin,Huancayo,San Agustin,202507,empty_field
Junin,Huancayo,San Agustin,202508,empty_field
Junin,Huancayo,San Agustin,202509,empty_field
Junin,Huancayo,San Agustin,202510,empty_field
Junin,Huancayo,San Agustin,202511,empty_field
Junin,Huancayo,San Agustin,202512,empty_field
Junin,Huancayo,San Agustin,202601,empty_field
Junin,Huancayo,San Agustin,202602,empty_field
Junin,Huancayo,San Agustin,202603,empty_field
Junin,Huancayo,San Agustin,202604,empty_field
Junin,Huancayo,San Agustin,202605,empty_field
La Libertad,Trujillo,El Porvenir,202412,empty_field
La Libertad,Trujillo,El Porvenir,202501,empty_field
La Libertad,Trujillo,El Porvenir,202502,empty_field
La Libertad,Trujillo,El Porvenir,202503,empty_field
La Libertad,Trujillo,El Porvenir,202504,empty_field
La Libertad,Trujillo,El Porvenir,202505,empty_field
La Libertad,Trujillo,El Porvenir,202506,empty_field
La Libertad,Trujillo,El Porvenir,202507,empty_field
La Libertad,Trujillo,El Porvenir,202508,empty_field
La Libertad,Trujillo,El Porvenir,202509,empty_field
La Libertad,Trujillo,El Porvenir,202510,empty_field
La Libertad,Trujillo,El Porvenir,202511,empty_field
La Libertad,Trujillo,El Porvenir,202512,empty_field
La Libertad,Trujillo,El Porvenir,202601,empty_field
La Libertad,Trujillo,El Porvenir,202602,empty_field
La Libertad,Trujillo,El Porvenir,202603,empty_field
La Libertad,Trujillo,El Porvenir,202604,empty_field
La Libertad,Trujillo,El Porvenir,202605,empty_field
La Libertad,Trujillo,La Esperanza,202412,empty_field
La Libertad,Trujillo,La Esperanza,202501,empty_field
La Libertad,Trujillo,La Esperanza,202502,empty_field
La Libertad,Trujillo,La Esperanza,202503,empty_field
La Libertad,Trujillo,La Esperanza,202504,empty_field
La Libertad,Trujillo,La Esperanza,202505,empty_field
La Libertad,Trujillo,La Esperanza,202506,empty_field
La Libertad,Trujillo,La Esperanza,202507,empty_field
La Libertad,Trujillo,La Esperanza,202508,empty_field
La Libertad,Trujillo,La Esperanza,202509,empty_field
La Libertad,Trujillo,La Esperanza,202510,empty_field
La Libertad,Trujillo,La Esperanza,202511,empty_field
La Libertad,Trujillo,La Esperanza,202512,empty_field
La Libertad,Trujillo,La Esperanza,202601,empty_field
La Libertad,Trujillo,La Esperanza,202602,empty_field
La Libertad,Trujillo,La Esperanza,202603,empty_field
La Libertad,Trujillo,La Esperanza,202604,empty_field
La Libertad,Trujillo,La Esperanza,202605,empty_field
La Libertad,Trujillo,Moche,202412,empty_field
La Libertad,Trujillo,Moche,202501,empty_field
La Libertad,Trujillo,Moche,202502,empty_field
La Libertad,Trujillo,Moche,202503,empty_field
La Libertad,Trujillo,Moche,202504,empty_field
La Libertad,Trujillo,Moche,202505,empty_field
La Libertad,Trujillo,Moche,202506,empty_field
La Libertad,Trujillo,Moche,202507,empty_field
La Libertad,Trujillo,Moche,202508,empty_field
La Libertad,Trujillo,Moche,202509,empty_field
La Libertad,Trujillo,Moche,202510,empty_field
La Libertad,Trujillo,Moche,202511,empty_field
La Libertad,Trujillo,Moche,202512,empty_field
La Libertad,Trujillo,Moche,202601,empty_field
La Libertad,Trujillo,Moche,202602,empty_field
La Libertad,Trujillo,Moche,202603,empty_field
La Libertad,Trujillo,Moche,202604,empty_field
La Libertad,Trujillo,Moche,202605,empty_field
La Libertad,Trujillo,Trujillo,202412,empty_field
La Libertad,Trujillo,Trujillo,202501,empty_field
La Libertad,Trujillo,Trujillo,202502,empty_field
La Libertad,Trujillo,Trujillo,202503,empty_field
La Libertad,Trujillo,Trujillo,202504,empty_field
La Libertad,Trujillo,Trujillo,202505,empty_field
La Libertad,Trujillo,Trujillo,202506,empty_field
La Libertad,Trujillo,Trujillo,202507,empty_field
La Libertad,Trujillo,Trujillo,202508,empty_field
La Libertad,Trujillo,Trujillo,202509,empty_field
La Libertad,Trujillo,Trujillo,202510,empty_field
La Libertad,Trujillo,Trujillo,202511,empty_field
La Libertad,Trujillo,Trujillo,202512,empty_field
La Libertad,Trujillo,Trujillo,202601,empty_field
La Libertad,Trujillo,Trujillo,202602,empty_field
La Libertad,Trujillo,Trujillo,202603,empty_field
La Libertad,Trujillo,Trujillo,202604,empty_field
La Libertad,Trujillo,Trujillo,202605,empty_field
La Libertad,Trujillo,Victor Larco Herrera,202412,empty_field
La Libertad,Trujillo,Victor Larco Herrera,202501,empty_field
La Libertad,Trujillo,Victor Larco Herrera,202502,empty_field
La Libertad,Trujillo,Victor Larco Herrera,202503,empty_field
La Libertad,Trujillo,Victor Larco Herrera,202504,empty_field
La Libertad,Trujillo,Victor Larco Herrera,202505,empty_field
La Libertad,Trujillo,Victor Larco Herrera,202506,empty_field
La Libertad,Trujillo,Victor Larco Herrera,202507,empty_field
La Libertad,Trujillo,Victor Larco Herrera,202508,empty_field
La Libertad,Trujillo,Victor Larco Herrera,202509,empty_field
La Libertad,Trujillo,Victor Larco Herrera,202510,empty_field
La Libertad,Trujillo,Victor Larco Herrera,202511,empty_field
La Libertad,Trujillo,Victor Larco Herrera,202512,empty_field
La Libertad,Trujillo,Victor Larco Herrera,202601,empty_field
La Libertad,Trujillo,Victor Larco Herrera,202602,empty_field
La Libertad,Trujillo,Victor Larco Herrera,202603,empty_field
La Libertad,Trujillo,Victor Larco Herrera,202604,empty_field
La Libertad,Trujillo,Victor Larco Herrera,202605,empty_field
Lambayeque,Chiclayo,Chiclayo,202412,empty_field
Lambayeque,Chiclayo,Chiclayo,202501,empty_field
Lambayeque,Chiclayo,Chiclayo,202502,empty_field
Lambayeque,Chiclayo,Chiclayo,202503,empty_field
Lambayeque,Chiclayo,Chiclayo,202504,empty_field
Lambayeque,Chiclayo,Chiclayo,202505,empty_field
Lambayeque,Chiclayo,Chiclayo,202506,empty_field
Lambayeque,Chiclayo,Chiclayo,202507,empty_field
Lambayeque,Chiclayo,Chiclayo,202508,empty_field
Lambayeque,Chiclayo,Chiclayo,202509,empty_field
Lambayeque,Chiclayo,Chiclayo,202510,empty_field
Lambayeque,Chiclayo,Chiclayo,202511,empty_field
Lambayeque,Chiclayo,Chiclayo,202512,empty_field
Lambayeque,Chiclayo,Chiclayo,202601,empty_field
Lambayeque,Chiclayo,Chiclayo,202602,empty_field
Lambayeque,Chiclayo,Chiclayo,202603,empty_field
Lambayeque,Chiclayo,Chiclayo,202604,empty_field
Lambayeque,Chiclayo,Chiclayo,202605,empty_field
Lambayeque,Chiclayo,Jose Leonardo Ortiz,202412,empty_field
Lambayeque,Chiclayo,Jose Leonardo Ortiz,202501,empty_field
Lambayeque,Chiclayo,Jose Leonardo Ortiz,202502,empty_field
Lambayeque,Chiclayo,Jose Leonardo Ortiz,202503,empty_field
Lambayeque,Chiclayo,Jose Leonardo Ortiz,202504,empty_field
Lambayeque,Chiclayo,Jose Leonardo Ortiz,202505,empty_field
Lambayeque,Chiclayo,Jose Leonardo Ortiz,202506,empty_field
Lambayeque,Chiclayo,Jose Leonardo Ortiz,202507,empty_field
Lambayeque,Chiclayo,Jose Leonardo Ortiz,202508,empty_field
Lambayeque,Chiclayo,Jose Leonardo Ortiz,202509,empty_field
Lambayeque,Chiclayo,Jose Leonardo Ortiz,202510,empty_field
Lambayeque,Chiclayo,Jose Leonardo Ortiz,202511,empty_field
Lambayeque,Chiclayo,Jose Leonardo Ortiz,202512,empty_field
Lambayeque,Chiclayo,Jose Leonardo Ortiz,202601,empty_field
Lambayeque,Chiclayo,Jose Leonardo Ortiz,202602,empty_field
Lambayeque,Chiclayo,Jose Leonardo Ortiz,202603,empty_field
Lambayeque,Chiclayo,Jose Leonardo Ortiz,202604,empty_field
Lambayeque,Chiclayo,Jose Leonardo Ortiz,202605,empty_field
Lambayeque,Chiclayo,La Victoria,202412,empty_field
Lambayeque,Chiclayo,La Victoria,202501,empty_field
Lambayeque,Chiclayo,La Victoria,202502,empty_field
Lambayeque,Chiclayo,La Victoria,202503,empty_field
Lambayeque,Chiclayo,La Victoria,202504,empty_field
Lambayeque,Chiclayo,La Victoria,202505,empty_field
Lambayeque,Chiclayo,La Victoria,202506,empty_field
Lambayeque,Chiclayo,La Victoria,202507,empty_field
Lambayeque,Chiclayo,La Victoria,202508,empty_field
Lambayeque,Chiclayo,La Victoria,202509,empty_field
Lambayeque,Chiclayo,La Victoria,202510,empty_field
Lambayeque,Chiclayo,La Victoria,202511,empty_field
Lambayeque,Chiclayo,La Victoria,202512,empty_field
Lambayeque,Chiclayo,La Victoria,202601,empty_field
Lambayeque,Chiclayo,La Victoria,202602,empty_field
Lambayeque,Chiclayo,La Victoria,202603,empty_field
Lambayeque,Chiclayo,La Victoria,202604,empty_field
Lambayeque,Chiclayo,La Victoria,202605,empty_field
Lambayeque,Chiclayo,Pimentel,202412,empty_field
Lambayeque,Chiclayo,Pimentel,202501,empty_field
Lambayeque,Chiclayo,Pimentel,202502,empty_field
Lambayeque,Chiclayo,Pimentel,202503,empty_field
Lambayeque,Chiclayo,Pimentel,202504,empty_field
Lambayeque,Chiclayo,Pimentel,202505,empty_field
Lambayeque,Chiclayo,Pimentel,202506,empty_field
Lambayeque,Chiclayo,Pimentel,202507,empty_field
Lambayeque,Chiclayo,Pimentel,202508,empty_field
Lambayeque,Chiclayo,Pimentel,202509,empty_field
Lambayeque,Chiclayo,Pimentel,202510,empty_field
Lambayeque,Chiclayo,Pimentel,202511,empty_field
Lambayeque,Chiclayo,Pimentel,202512,empty_field
Lambayeque,Chiclayo,Pimentel,202601,empty_field
Lambayeque,Chiclayo,Pimentel,202602,empty_field
Lambayeque,Chiclayo,Pimentel,202603,empty_field
Lambayeque,Chiclayo,Pimentel,202604,empty_field
Lambayeque,Chiclayo,Pimentel,202605,empty_field
Piura,Piura,Castilla,202412,empty_field
Piura,Piura,Castilla,202501,empty_field
Piura,Piura,Castilla,202502,empty_field
Piura,Piura,Castilla,202503,empty_field
Piura,Piura,Castilla,202504,empty_field
Piura,Piura,Castilla,202505,empty_field
Piura,Piura,Castilla,202506,empty_field
Piura,Piura,Castilla,202507,empty_field
Piura,Piura,Castilla,202508,empty_field
Piura,Piura,Castilla,202509,empty_field
Piura,Piura,Castilla,202510,empty_field
Piura,Piura,Castilla,202511,empty_field
Piura,Piura,Castilla,202512,empty_field
Piura,Piura,Castilla,202601,empty_field
Piura,Piura,Castilla,202602,empty_field
Piura,Piura,Castilla,202603,empty_field
Piura,Piura,Castilla,202604,empty_field
Piura,Piura,Castilla,202605,empty_field
Piura,Piura,Veintiseis De Octubre,202412,empty_field
Piura,Piura,Veintiseis De Octubre,202501,empty_field
Piura,Piura,Veintiseis De Octubre,202502,empty_field
Piura,Piura,Veintiseis De Octubre,202503,empty_field
Piura,Piura,Veintiseis De Octubre,202504,empty_field
Piura,Piura,Veintiseis De Octubre,202505,empty_field
Piura,Piura,Veintiseis De Octubre,202506,empty_field
Piura,Piura,Veintiseis De Octubre,202507,empty_field
Piura,Piura,Veintiseis De Octubre,202508,empty_field
Piura,Piura,Veintiseis De Octubre,202509,empty_field
Piura,Piura,Veintiseis De Octubre,202510,empty_field
Piura,Piura,Veintiseis De Octubre,202511,empty_field
Piura,Piura,Veintiseis De Octubre,202512,empty_field
Piura,Piura,Veintiseis De Octubre,202601,empty_field
Piura,Piura,Veintiseis De Octubre,202602,empty_field
Piura,Piura,Veintiseis De Octubre,202603,empty_field
Piura,Piura,Veintiseis De Octubre,202604,empty_field
Piura,Piura,Veintiseis De Octubre,202605,empty_field
Tacna,Candarave,Camilaca,202412,empty_field
Tacna,Candarave,Camilaca,202501,empty_field
Tacna,Candarave,Camilaca,202502,empty_field
Tacna,Candarave,Camilaca,202503,empty_field
Tacna,Candarave,Camilaca,202504,empty_field
Tacna,Candarave,Camilaca,202505,empty_field
Tacna,Candarave,Camilaca,202506,empty_field
Tacna,Candarave,Camilaca,202507,empty_field
Tacna,Candarave,Camilaca,202508,empty_field
Tacna,Candarave,Camilaca,202509,empty_field
Tacna,Candarave,Camilaca,202510,empty_field
Tacna,Candarave,Camilaca,202511,empty_field
Tacna,Candarave,Camilaca,202512,empty_field
Tacna,Candarave,Camilaca,202601,empty_field
Tacna,Candarave,Camilaca,202602,empty_field
Tacna,Candarave,Camilaca,202603,empty_field
Tacna,Candarave,Camilaca,202604,empty_field
Tacna,Candarave,Camilaca,202605,empty_field
Junin,Huancayo,Chilca,202501,empty_field
Junin,Huancayo,Chilca,202502,empty_field
Junin,Huancayo,Chilca,202503,empty_field
Junin,Huancayo,Chilca,202504,empty_field
Junin,Huancayo,Chilca,202505,empty_field
Junin,Huancayo,Chilca,202506,empty_field
Junin,Huancayo,Chilca,202507,empty_field
Junin,Huancayo,Chilca,202508,empty_field
Junin,Huancayo,Chilca,202509,empty_field
Junin,Huancayo,Chilca,202510,empty_field
Junin,Huancayo,Chilca,202511,empty_field
Junin,Huancayo,Chilca,202512,empty_field
Junin,Huancayo,Chilca,202601,empty_field
Junin,Huancayo,Chilca,202602,empty_field
Junin,Huancayo,Chilca,202603,empty_field
Junin,Huancayo,Chilca,202604,empty_field
Junin,Huancayo,Chilca,202605,empty_field
Junin,Huancayo,El Tambo,202501,empty_field
Junin,Huancayo,El Tambo,202502,empty_field
Junin,Huancayo,El Tambo,202503,empty_field
Junin,Huancayo,El Tambo,202504,empty_field
Junin,Huancayo,El Tambo,202505,empty_field
Junin,Huancayo,El Tambo,202506,empty_field
Junin,Huancayo,El Tambo,202507,empty_field
Junin,Huancayo,El Tambo,202508,empty_field
Junin,Huancayo,El Tambo,202509,empty_field
Junin,Huancayo,El Tambo,202510,empty_field
Junin,Huancayo,El Tambo,202511,empty_field
Junin,Huancayo,El Tambo,202512,empty_field
Junin,Huancayo,El Tambo,202601,empty_field
Junin,Huancayo,El Tambo,202602,empty_field
Junin,Huancayo,El Tambo,202603,empty_field
Junin,Huancayo,El Tambo,202604,empty_field
Junin,Huancayo,El Tambo,202605,empty_field
Junin,Huancayo,Huancayo,202501,empty_field
Junin,Huancayo,Huancayo,202502,empty_field
Junin,Huancayo,Huancayo,202503,empty_field
Junin,Huancayo,Huancayo,202504,empty_field
Junin,Huancayo,Huancayo,202505,empty_field
Junin,Huancayo,Huancayo,202506,empty_field
Junin,Huancayo,Huancayo,202507,empty_field
Junin,Huancayo,Huancayo,202508,empty_field
Junin,Huancayo,Huancayo,202509,empty_field
Junin,Huancayo,Huancayo,202510,empty_field
Junin,Huancayo,Huancayo,202511,empty_field
Junin,Huancayo,Huancayo,202512,empty_field
Junin,Huancayo,Huancayo,202601,empty_field
Junin,Huancayo,Huancayo,202602,empty_field
Junin,Huancayo,Huancayo,202603,empty_field
Junin,Huancayo,Huancayo,202604,empty_field
Junin,Huancayo,Huancayo,202605,empty_field
Junin,Huancayo,Pilcomayo,202501,empty_field
Junin,Huancayo,Pilcomayo,202502,empty_field
Junin,Huancayo,Pilcomayo,202503,empty_field
Junin,Huancayo,Pilcomayo,202504,empty_field
Junin,Huancayo,Pilcomayo,202505,empty_field
Junin,Huancayo,Pilcomayo,202506,empty_field
Junin,Huancayo,Pilcomayo,202507,empty_field
Junin,Huancayo,Pilcomayo,202508,empty_field
Junin,Huancayo,Pilcomayo,202509,empty_field
Junin,Huancayo,Pilcomayo,202510,empty_field
Junin,Huancayo,Pilcomayo,202511,empty_field
Junin,Huancayo,Pilcomayo,202512,empty_field
Junin,Huancayo,Pilcomayo,202601,empty_field
Junin,Huancayo,Pilcomayo,202602,empty_field
Junin,Huancayo,Pilcomayo,202603,empty_field
Junin,Huancayo,Pilcomayo,202604,empty_field
Junin,Huancayo,Pilcomayo,202605,empty_field
Lima,Lima,Punta Negra,202504,empty_field
Lima,Lima,Punta Negra,202505,empty_field
Lima,Lima,Punta Negra,202506,empty_field
Lima,Lima,Punta Negra,202507,empty_field
Lima,Lima,Punta Negra,202508,empty_field
Lima,Lima,Punta Negra,202509,empty_field
Lima,Lima,Punta Negra,202510,empty_field
Lima,Lima,Punta Negra,202511,empty_field
Lima,Lima,Punta Negra,202512,empty_field
Lima,Lima,Punta Negra,202601,empty_field
Lima,Lima,Punta Negra,202602,empty_field
Lima,Lima,Punta Negra,202603,empty_field
Lima,Lima,Punta Negra,202604,empty_field
Lima,Lima,Punta Negra,202605,empty_field
Ayacucho,Huamanga,Carmen Alto,202505,empty_field
Ayacucho,Huamanga,Carmen Alto,202506,empty_field
Ayacucho,Huamanga,Carmen Alto,202507,empty_field
Ayacucho,Huamanga,Carmen Alto,202508,empty_field
Ayacucho,Huamanga,Carmen Alto,202509,empty_field
Ayacucho,Huamanga,Carmen Alto,202510,empty_field
Ayacucho,Huamanga,Carmen Alto,202511,empty_field
Ayacucho,Huamanga,Carmen Alto,202512,empty_field
Ayacucho,Huamanga,Carmen Alto,202601,empty_field
Ayacucho,Huamanga,Carmen Alto,202602,empty_field
Ayacucho,Huamanga,Carmen Alto,202603,empty_field
Ayacucho,Huamanga,Carmen Alto,202604,empty_field
Ayacucho,Huamanga,Carmen Alto,202605,empty_field
Ica,Ica,Subtanjalla,202507,empty_field
Ica,Ica,Subtanjalla,202508,empty_field
Ica,Ica,Subtanjalla,202509,empty_field
Ica,Ica,Subtanjalla,202510,empty_field
Ica,Ica,Subtanjalla,202511,empty_field
Ica,Ica,Subtanjalla,202512,empty_field
Ica,Ica,Subtanjalla,202601,empty_field
Ica,Ica,Subtanjalla,202602,empty_field
Ica,Ica,Subtanjalla,202603,empty_field
Ica,Ica,Subtanjalla,202604,empty_field
Ica,Ica,Subtanjalla,202605,empty_field
Ica,Ica,La Tinguiña,202508,empty_field
Ica,Ica,La Tinguiña,202509,empty_field
Ica,Ica,La Tinguiña,202510,empty_field
Ica,Ica,La Tinguiña,202511,empty_field
Ica,Ica,La Tinguiña,202512,empty_field
Ica,Ica,La Tinguiña,202601,empty_field
Ica,Ica,La Tinguiña,202602,empty_field
Ica,Ica,La Tinguiña,202603,empty_field
Ica,Ica,La Tinguiña,202604,empty_field
Ica,Ica,La Tinguiña,202605,empty_field
Cusco,Cusco,Cusco,202509,empty_field
Cusco,Cusco,Cusco,202510,empty_field
Cusco,Cusco,Cusco,202511,empty_field
Cusco,Cusco,Cusco,202512,empty_field
Cusco,Cusco,Cusco,202601,empty_field
Cusco,Cusco,Cusco,202602,empty_field
Cusco,Cusco,Cusco,202603,empty_field
Cusco,Cusco,Cusco,202604,empty_field
Cusco,Cusco,Cusco,202605,empty_field
Cusco,Cusco,San Jeronimo,202509,empty_field
Cusco,Cusco,San Jeronimo,202510,empty_field
Cusco,Cusco,San Jeronimo,202511,empty_field
Cusco,Cusco,San Jeronimo,202512,empty_field
Cusco,Cusco,San Jeronimo,202601,empty_field
Cusco,Cusco,San Jeronimo,202602,empty_field
Cusco,Cusco,San Jeronimo,202603,empty_field
Cusco,Cusco,San Jeronimo,202604,empty_field
Cusco,Cusco,San Jeronimo,202605,empty_field
Cusco,Cusco,San Sebastian,202509,empty_field
Cusco,Cusco,San Sebastian,202510,empty_field
Cusco,Cusco,San Sebastian,202511,empty_field
Cusco,Cusco,San Sebastian,202512,empty_field
Cusco,Cusco,San Sebastian,202601,empty_field
Cusco,Cusco,San Sebastian,202602,empty_field
Cusco,Cusco,San Sebastian,202603,empty_field
Cusco,Cusco,San Sebastian,202604,empty_field
Cusco,Cusco,San Sebastian,202605,empty_field
Cusco,Cusco,Santiago,202509,empty_field
Cusco,Cusco,Santiago,202510,empty_field
Cusco,Cusco,Santiago,202511,empty_field
Cusco,Cusco,Santiago,202512,empty_field
Cusco,Cusco,Santiago,202601,empty_field
Cusco,Cusco,Santiago,202602,empty_field
Cusco,Cusco,Santiago,202603,empty_field
Cusco,Cusco,Santiago,202604,empty_field
Cusco,Cusco,Santiago,202605,empty_field
Cusco,Cusco,Wanchaq,202509,empty_field
Cusco,Cusco,Wanchaq,202510,empty_field
Cusco,Cusco,Wanchaq,202511,empty_field
Cusco,Cusco,Wanchaq,202512,empty_field
Cusco,Cusco,Wanchaq,202601,empty_field
Cusco,Cusco,Wanchaq,202602,empty_field
Cusco,Cusco,Wanchaq,202603,empty_field
Cusco,Cusco,Wanchaq,202604,empty_field
Cusco,Cusco,Wanchaq,202605,empty_field
Ica,Ica,Ica,202510,empty_field
Ica,Ica,Ica,202511,empty_field
Ica,Ica,Ica,202512,empty_field
Ica,Ica,Ica,202601,empty_field
Ica,Ica,Ica,202602,empty_field
Ica,Ica,Ica,202603,empty_field
Ica,Ica,Ica,202604,empty_field
Ica,Ica,Ica,202605,empty_field
Ica,Ica,Parcona,202510,empty_field
Ica,Ica,Parcona,202511,empty_field
Ica,Ica,Parcona,202512,empty_field
Ica,Ica,Parcona,202601,empty_field
Ica,Ica,Parcona,202602,empty_field
Ica,Ica,Parcona,202603,empty_field
Ica,Ica,Parcona,202604,empty_field
Ica,Ica,Parcona,202605,empty_field
Lima,Cañete,Chilca,202510,empty_field
Lima,Cañete,Chilca,202511,empty_field
Lima,Cañete,Chilca,202512,empty_field
Lima,Cañete,Chilca,202601,empty_field
Lima,Cañete,Chilca,202602,empty_field
Lima,Cañete,Chilca,202603,empty_field
Lima,Cañete,Chilca,202604,empty_field
Lima,Cañete,Chilca,202605,empty_field
Lima,Lima,Barranco,202511,empty_field
Lima,Lima,Barranco,202512,empty_field
Lima,Lima,Barranco,202601,empty_field
Lima,Lima,Barranco,202602,empty_field
Lima,Lima,Barranco,202603,empty_field
Lima,Lima,Barranco,202604,empty_field
Lima,Lima,Barranco,202605,empty_field
Puno,Puno,Puno,202511,empty_field
Puno,Puno,Puno,202512,empty_field
Puno,Puno,Puno,202601,empty_field
Puno,Puno,Puno,202602,empty_field
Puno,Puno,Puno,202603,empty_field
Puno,Puno,Puno,202604,empty_field
Puno,Puno,Puno,202605,empty_field
Puno,San Roman,Caracoto,202511,empty_field
Puno,San Roman,Caracoto,202512,empty_field
Puno,San Roman,Caracoto,202601,empty_field
Puno,San Roman,Caracoto,202602,empty_field
Puno,San Roman,Caracoto,202603,empty_field
Puno,San Roman,Caracoto,202604,empty_field
Puno,San Roman,Caracoto,202605,empty_field
Puno,San Roman,Juliaca,202511,empty_field
Puno,San Roman,Juliaca,202512,empty_field
Puno,San Roman,Juliaca,202601,empty_field
Puno,San Roman,Juliaca,202602,empty_field
Puno,San Roman,Juliaca,202603,empty_field
Puno,San Roman,Juliaca,202604,empty_field
Puno,San Roman,Juliaca,202605,empty_field
Puno,San Roman,San Miguel,202511,empty_field
Puno,San Roman,San Miguel,202512,empty_field
Puno,San Roman,San Miguel,202601,empty_field
Puno,San Roman,San Miguel,202602,empty_field
Puno,San Roman,San Miguel,202603,empty_field
Puno,San Roman,San Miguel,202604,empty_field
Puno,San Roman,San Miguel,202605,empty_field
Tumbes,Tumbes,Tumbes,202511,empty_field
Tumbes,Tumbes,Tumbes,202512,empty_field
Tumbes,Tumbes,Tumbes,202601,empty_field
Tumbes,Tumbes,Tumbes,202602,empty_field
Tumbes,Tumbes,Tumbes,202603,empty_field
Tumbes,Tumbes,Tumbes,202604,empty_field
Tumbes,Tumbes,Tumbes,202605,empty_field
Cusco,Acomayo,Pomacanchi,202512,empty_field
Cusco,Acomayo,Pomacanchi,202601,empty_field
Cusco,Acomayo,Pomacanchi,202602,empty_field
Cusco,Acomayo,Pomacanchi,202603,empty_field
Cusco,Acomayo,Pomacanchi,202604,empty_field
Cusco,Acomayo,Pomacanchi,202605,empty_field
Lima,Cañete,Asia,202512,empty_field
Lima,Cañete,Asia,202601,empty_field
Lima,Cañete,Asia,202602,empty_field
Lima,Cañete,Asia,202603,empty_field
Lima,Cañete,Asia,202604,empty_field
Lima,Cañete,Asia,202605,empty_field
Lima,Cañete,Mala,202512,empty_field
Lima,Cañete,Mala,202601,empty_field
Lima,Cañete,Mala,202602,empty_field
Lima,Cañete,Mala,202603,empty_field
Lima,Cañete,Mala,202604,empty_field
Lima,Cañete,Mala,202605,empty_field
Lima,Lima,Breña,202512,empty_field
Lima,Lima,Breña,202601,empty_field
Lima,Lima,Breña,202602,empty_field
Lima,Lima,Breña,202603,empty_field
Lima,Lima,Breña,202604,empty_field
Lima,Lima,Breña,202605,empty_field
Lima,Lima,Carabayllo,202512,empty_field
Lima,Lima,Carabayllo,202601,empty_field
Lima,Lima,Carabayllo,202602,empty_field
Lima,Lima,Carabayllo,202603,empty_field
Lima,Lima,Carabayllo,202604,empty_field
Lima,Lima,Carabayllo,202605,empty_field
Lima,Lima,Independencia,202512,empty_field
Lima,Lima,Independencia,202601,empty_field
Lima,Lima,Independencia,202602,empty_field
Lima,Lima,Independencia,202603,empty_field
Lima,Lima,Independencia,202604,empty_field
Lima,Lima,Independencia,202605,empty_field
Lima,Lima,Los Olivos,202512,empty_field
Lima,Lima,Los Olivos,202601,empty_field
Lima,Lima,Los Olivos,202602,empty_field
Lima,Lima,Los Olivos,202603,empty_field
Lima,Lima,Los Olivos,202604,empty_field
Lima,Lima,Los Olivos,202605,empty_field
Lima,Lima,Puente Piedra,202512,empty_field
Lima,Lima,Puente Piedra,202601,empty_field
Lima,Lima,Puente Piedra,202602,empty_field
Lima,Lima,Puente Piedra,202603,empty_field
Lima,Lima,Puente Piedra,202604,empty_field
Lima,Lima,Puente Piedra,202605,empty_field
Lima,Lima,San Juan De Lurigancho,202512,empty_field
Lima,Lima,San Juan De Lurigancho,202601,empty_field
Lima,Lima,San Juan De Lurigancho,202602,empty_field
Lima,Lima,San Juan De Lurigancho,202603,empty_field
Lima,Lima,San Juan De Lurigancho,202604,empty_field
Lima,Lima,San Juan De Lurigancho,202605,empty_field
Lima,Lima,San Martin De Porres,202512,empty_field
Lima,Lima,San Martin De Porres,202601,empty_field
Lima,Lima,San Martin De Porres,202602,empty_field
Lima,Lima,San Martin De Porres,202603,empty_field
Lima,Lima,San Martin De Porres,202604,empty_field
Lima,Lima,San Martin De Porres,202605,empty_field
Puno,Chucuito,Desaguadero,202601,empty_field
Puno,Chucuito,Desaguadero,202602,empty_field
Puno,Chucuito,Desaguadero,202603,empty_field
Puno,Chucuito,Desaguadero,202604,empty_field
Puno,Chucuito,Desaguadero,202605,empty_field
Callao,Callao,La Perla,202602,empty_field
Callao,Callao,La Perla,202603,empty_field
Callao,Callao,La Perla,202604,empty_field
Callao,Callao,La Perla,202605,empty_field
Cusco,Espinar,Espinar,202602,empty_field
Cusco,Espinar,Espinar,202603,empty_field
Cusco,Espinar,Espinar,202604,empty_field
Cusco,Espinar,Espinar,202605,empty_field
Lima,Huaura,Sayan,202602,empty_field
Lima,Huaura,Sayan,202603,empty_field
Lima,Huaura,Sayan,202604,empty_field
Lima,Huaura,Sayan,202605,empty_field
Puno,Melgar,Ayaviri,202602,empty_field
Puno,Melgar,Ayaviri,202603,empty_field
Puno,Melgar,Ayaviri,202604,empty_field
Puno,Melgar,Ayaviri,202605,empty_field
Ancash,Yungay,Ranrahirca,202604,empty_field
Ancash,Yungay,Ranrahirca,202605,empty_field
Junin,Jauja,Jauja,202604,empty_field
Junin,Jauja,Jauja,202605,empty_field
La Libertad,Ascope,Casa Grande,202604,empty_field
La Libertad,Ascope,Casa Grande,202605,empty_field
Lima,Lima,La Victoria,202604,empty_field
Lima,Lima,La Victoria,202605,empty_field
Lima,Lima,Lince,202604,empty_field
Lima,Lima,Lince,202605,empty_field
Lima,Lima,Santa Anita,202604,empty_field
Lima,Lima,Santa Anita,202605,empty_field
Ancash,Yungay,Yungay,202605,empty_field
Callao,Callao,Bellavista,202605,empty_field
Callao,Callao,Callao,202605,empty_field
Cusco,Chumbivilcas,Velille,202605,empty_field
La Libertad,Chepen,Pacanga,202605,empty_field
La Libertad,Otuzco,Salpo,202605,empty_field
Lima,Lima,Jesus Maria,202605,empty_field
Lima,Lima,Lima,202605,empty_field
Lima,Lima,Magdalena Del Mar,202605,empty_field
Lima,Lima,Rimac,202605,empty_field
Lima,Lima,San Isidro,202605,empty_field
Lima,Lima,San Miguel,202605,empty_field
