district,tau,yearmonth,time_pct_3g,time_pct_4g,time_pct_5g,download_4g,download_5g,meas_4g,meas_5g,control_mean_4g_dl
Breña,-12,202412,4.070321,95.58019,0.0,10.392201,0.0,65242.0,0.0,11.5237266
Breña,-11,202501,7.135333,92.50128,0.0,10.383628,0.0,64705.0,0.0,11.5301782
Breña,-10,202502,5.166578,94.423996,0.0,11.397219,0.0,60878.0,0.0,11.254919400000002
Breña,-9,202503,3.1838243,96.39079,0.0,11.696852,0.0,60955.0,0.0,11.467028
Breña,-8,202504,3.2643843,96.36506,0.0,12.154782,0.0,65890.0,0.0,12.049033099999999
Breña,-7,202505,1.5596554,98.1644,0.0,13.108296,0.0,77948.0,0.0,11.9968122
Breña,-6,202506,3.2724876,96.461914,0.0,13.503706,0.0,67358.0,0.0,12.0432386
Breña,-5,202507,3.3256927,96.359695,0.0,12.092561,0.0,76810.0,0.0,11.8956095
Breña,-4,202508,2.071444,97.60096,0.0,11.794642,0.0,66230.0,0.0,12.1325842
Breña,-3,202509,1.533708,98.07002,0.0,12.530323,0.0,74733.0,0.0,12.772934600000001
Breña,-2,202510,1.4412117,97.86095,0.0,12.822158,0.0,66175.0,0.0,12.7870849
Breña,-1,202511,1.175794,98.34331,0.0,13.363552,0.0,62545.0,0.0,12.7372543
Breña,0,202512,1.2627186,98.19336,0.0,13.886901,0.0,59299.0,0.0,13.1623254
Breña,1,202601,1.2061723,98.56455,0.0,14.086522,0.0,57074.0,0.0,13.4267171
Breña,2,202602,2.906759,96.651474,0.0,13.071259,0.0,59295.0,0.0,13.5925148
Breña,3,202603,1.3498173,98.34814,0.13141696,12.902976,0.0,53831.0,0.0,13.5162148
Breña,4,202604,0.60571,98.76607,0.31422016,13.148812,21.394115,48636.0,455.0,13.5469884
Breña,5,202605,0.0038622203,98.53398,0.43041342,13.672227,17.577816,54847.0,1315.0,13.618440799999998
Carabayllo,-12,202412,7.8112397,90.41824,0.0,10.308854,0.0,145797.0,0.0,11.620987
Carabayllo,-11,202501,5.7187133,92.73981,0.0,11.216667,0.0,126292.0,0.0,11.787683999999999
Carabayllo,-10,202502,5.7348576,93.406075,0.0,12.721289,0.0,149437.0,0.0,11.6945335
Carabayllo,-9,202503,5.197965,94.199066,0.0,13.055373,0.0,169434.0,0.0,12.05137
Carabayllo,-8,202504,3.9027586,95.30703,0.0,12.568585,0.0,178972.0,0.0,12.250692666666666
Carabayllo,-7,202505,3.5638182,95.80183,0.0,13.030358,0.0,166555.0,0.0,12.080232333333333
Carabayllo,-6,202506,3.017397,96.48353,0.0,13.87983,0.0,164213.0,0.0,12.070001
Carabayllo,-5,202507,3.3308425,96.007484,0.0,13.196912,0.0,158329.0,0.0,12.430973666666667
Carabayllo,-4,202508,2.37261,96.760735,0.0,12.97969,0.0,158243.0,0.0,12.44151
Carabayllo,-3,202509,2.1645494,97.57273,0.0,12.659134,0.0,143001.0,0.0,12.850837
Carabayllo,-2,202510,2.815042,96.85074,0.0,13.051315,0.0,138061.0,0.0,13.077252333333334
Carabayllo,-1,202511,2.0754497,97.580696,0.03168167,14.538212,19.580753,157272.0,569.0,13.159878333333333
Carabayllo,0,202512,0.079970874,98.51298,0.07576348,14.673113,0.0,153985.0,0.0,13.842973333333333
Carabayllo,1,202601,0.05539135,98.80586,0.0885206,13.917837,0.0,137753.0,0.0,13.974809333333333
Carabayllo,2,202602,0.016676977,98.84012,0.7221948,14.040616,19.00183,148571.0,3882.0,14.988164333333332
Carabayllo,3,202603,0.017375054,99.04153,0.47215092,14.103414,18.345636,170196.0,3018.0,14.786837
Carabayllo,4,202604,0.03568301,99.29529,0.2175287,13.097819,17.8679,134554.0,828.0,14.693748666666666
Carabayllo,5,202605,0.05295538,98.70218,0.20648889,13.284177,17.361204,106066.0,411.0,14.311773666666667
Los Olivos,-12,202412,7.443885,91.826996,0.0,11.126807,0.0,181135.0,0.0,11.499336
Los Olivos,-11,202501,6.5681543,92.85315,0.0,11.841656,0.0,188915.0,0.0,11.76758225
Los Olivos,-10,202502,5.800978,93.66969,0.0,12.252078,0.0,175108.0,0.0,11.587068624999999
Los Olivos,-9,202503,5.399125,94.17829,0.0,12.50764,0.0,196544.0,0.0,11.884805499999999
Los Olivos,-8,202504,4.1231947,95.602615,0.0,11.766205,0.0,197577.0,0.0,12.021359749999998
Los Olivos,-7,202505,3.9227993,95.515625,0.0,12.008074,0.0,197902.0,0.0,11.988509
Los Olivos,-6,202506,4.3656216,95.16931,0.0,12.973744,0.0,197208.0,0.0,11.96691375
Los Olivos,-5,202507,3.7826147,95.86669,0.0,12.783185,0.0,171199.0,0.0,12.277931749999999
Los Olivos,-4,202508,3.4738255,96.22417,0.0,12.58411,0.0,170575.0,0.0,12.43130375
Los Olivos,-3,202509,3.3996835,96.296974,0.0,13.237459,0.0,157679.0,0.0,12.717344
Los Olivos,-2,202510,3.1348984,96.47673,0.0,13.720346,0.0,151313.0,0.0,12.909291000000001
Los Olivos,-1,202511,2.3968966,97.33869,0.0,13.598413,0.0,142963.0,0.0,12.97398475
Los Olivos,0,202512,0.13747014,97.60834,0.0,14.186612,0.0,157474.0,0.0,13.521949
Los Olivos,1,202601,0.022415243,97.82375,0.0,14.104302,0.0,160760.0,0.0,13.56830025
Los Olivos,2,202602,0.01933405,98.99073,0.0,13.453126,0.0,151292.0,0.0,14.375715750000001
Los Olivos,3,202603,0.053660292,98.41239,0.0,13.468227,16.37782,167737.0,477.0,14.30231725
Los Olivos,4,202604,0.039078828,98.94102,0.023720626,13.451969,0.0,139869.0,0.0,14.165536250000002
Los Olivos,5,202605,0.01651032,97.57187,0.07333868,13.101505,24.017838,137270.0,517.0,13.9132875
San Juan De Lurigancho,-12,202412,7.4716063,91.7117,0.0,11.710612,0.0,380828.0,0.0,10.845589
San Juan De Lurigancho,-11,202501,7.6296253,91.50274,0.0,11.922621,0.0,354600.0,0.0,11.123194
San Juan De Lurigancho,-10,202502,8.314746,90.820366,0.0,11.602243,0.0,316653.0,0.0,10.7699445
San Juan De Lurigancho,-9,202503,7.364763,91.89037,0.0,12.233986,0.0,378950.0,0.0,11.1615882
San Juan De Lurigancho,-8,202504,7.081847,92.08656,0.0,12.25904,0.0,380570.0,0.0,11.155708
San Juan De Lurigancho,-7,202505,6.142097,93.120125,0.0,12.345034,0.0,412689.0,0.0,11.244060600000001
San Juan De Lurigancho,-6,202506,5.663059,92.62704,0.0,12.445245,0.0,393408.0,0.0,11.257027
San Juan De Lurigancho,-5,202507,4.741109,93.8054,0.0,12.667829,0.0,414207.0,0.0,11.607833399999999
San Juan De Lurigancho,-4,202508,4.1246467,94.55042,0.0,12.4999,0.0,394715.0,0.0,11.9759834
San Juan De Lurigancho,-3,202509,3.0755448,95.51906,0.0,12.690415,0.0,352872.0,0.0,12.1102834
San Juan De Lurigancho,-2,202510,2.7066195,95.894325,0.0,13.2051325,0.0,352109.0,0.0,11.9387668
San Juan De Lurigancho,-1,202511,2.053122,95.89712,0.0,12.751473,0.0,331382.0,0.0,12.098127799999999
San Juan De Lurigancho,0,202512,0.14646922,95.797874,0.0,12.714674,0.0,350234.0,0.0,12.503811599999999
San Juan De Lurigancho,1,202601,0.07424303,96.653984,0.0,12.962142,0.0,354185.0,0.0,12.733460399999998
San Juan De Lurigancho,2,202602,0.13156149,97.57019,0.003584609,12.794425,0.0,326514.0,0.0,12.8324578
San Juan De Lurigancho,3,202603,0.106323145,97.615204,0.013255897,12.645661,0.0,317983.0,0.0,12.8550662
San Juan De Lurigancho,4,202604,0.037029248,97.20646,0.018978668,12.928205,0.0,258498.0,0.0,12.9260934
San Juan De Lurigancho,5,202605,0.019846765,97.51667,0.28355703,13.332845,16.35804,253660.0,5651.0,13.0854534
San Martin De Porres,-12,202412,8.552378,90.49209,0.0,11.022257,0.0,271318.0,0.0,10.975450666666667
San Martin De Porres,-11,202501,8.8517065,90.3526,0.0,11.501289,0.0,313075.0,0.0,11.275063666666666
San Martin De Porres,-10,202502,8.783017,90.52797,0.0,10.967699,0.0,279887.0,0.0,10.900453166666667
San Martin De Porres,-9,202503,7.952489,91.24608,0.0,11.721023,0.0,302173.0,0.0,11.071931
San Martin De Porres,-8,202504,7.622157,91.69368,0.0,12.106983,0.0,304633.0,0.0,11.182933
San Martin De Porres,-7,202505,6.319235,93.10811,0.0,12.671806,0.0,314475.0,0.0,11.359642000000001
San Martin De Porres,-6,202506,6.0868,93.44868,0.0,12.750406,0.0,281355.0,0.0,11.488209666666668
San Martin De Porres,-5,202507,6.0313225,93.469986,0.0,12.85539,0.0,284746.0,0.0,11.965677999999999
San Martin De Porres,-4,202508,5.1067443,94.50055,0.0,12.529801,0.0,324432.0,0.0,12.31582
San Martin De Porres,-3,202509,4.909394,94.685745,0.0,12.8697815,0.0,290135.0,0.0,12.296358333333336
San Martin De Porres,-2,202510,4.606345,95.022964,0.0,13.037471,0.0,278864.0,0.0,12.436740666666665
San Martin De Porres,-1,202511,3.80906,95.825005,0.0,13.046813,0.0,285675.0,0.0,12.563574333333333
San Martin De Porres,0,202512,0.5059092,96.19902,0.0,13.162756,0.0,275938.0,0.0,13.141926666666665
San Martin De Porres,1,202601,0.35938057,97.14644,0.0,13.044672,0.0,256894.0,0.0,13.025649999999999
San Martin De Porres,2,202602,0.27920148,98.43932,0.0,13.135483,0.0,234214.0,0.0,12.930841000000001
San Martin De Porres,3,202603,0.36522987,98.41966,0.0,13.293515,0.0,287123.0,0.0,13.103884333333333
San Martin De Porres,4,202604,0.09761668,98.66371,0.18969554,13.402466,18.874195,244540.0,1409.0,13.054136999999999
San Martin De Porres,5,202605,0.01298166,98.06467,0.66096675,13.022157,19.962332,286187.0,5823.0,13.172640666666666
Asia,-12,202412,6.9785485,90.273636,0.0,13.43968,0.0,23792.0,0.0,10.7436866
Asia,-11,202501,5.5412803,93.34379,0.0,12.299575,0.0,23969.0,0.0,9.8862076
Asia,-10,202502,7.6094375,90.1236,0.0,12.695018,0.0,26033.0,0.0,10.658076699999999
Asia,-9,202503,3.3801262,94.99311,0.0,12.663193,0.0,30593.0,0.0,11.480722
Asia,-8,202504,3.2202854,94.90995,0.0,12.19376,0.0,29873.0,0.0,11.876271599999999
Asia,-7,202505,4.7841706,92.941246,0.0,11.359073,0.0,23300.0,0.0,11.0763718
Asia,-6,202506,5.044038,93.04769,0.0,12.285156,0.0,22595.0,0.0,12.147117399999999
Asia,-5,202507,4.208572,94.01043,0.0,12.726664,0.0,23441.0,0.0,12.1461619
Asia,-4,202508,6.0716205,92.57715,0.0,11.574969,0.0,25106.0,0.0,11.8632429
Asia,-3,202509,6.016891,90.892685,0.57224715,12.124602,0.0,22438.0,0.0,12.194042600000001
Asia,-2,202510,5.671081,90.96151,1.3231462,12.5036745,16.294497,31700.0,925.0,12.5708494
Asia,-1,202511,6.6336913,88.508644,0.69418967,13.165506,0.0,28179.0,0.0,12.175973599999999
Asia,0,202512,0.027691169,93.469986,1.4623759,13.058048,15.368141,30783.0,641.0,12.262260399999999
Asia,1,202601,0.06730038,94.35221,2.0887508,12.19763,16.13262,28888.0,1587.0,10.9165602
Asia,2,202602,0.11909959,97.15951,1.6587662,13.0694065,19.588894,16209.0,680.0,11.5717656
Asia,3,202603,0.024303636,96.302864,2.6158144,13.288824,15.367541,24943.0,1624.0,12.3456755
Asia,4,202604,0.04188724,96.824615,1.9442079,12.9561,17.0646,17140.0,1154.0,12.4777336
Asia,5,202605,0.15179767,97.79118,1.1342776,13.10271,0.0,17757.0,0.0,12.9961772
Mala,-12,202412,3.7787888,95.139206,0.0,11.973569,0.0,52786.0,0.0,11.795866100000001
Mala,-11,202501,3.4655101,95.14316,0.0,11.731472,0.0,46964.0,0.0,11.2682622
Mala,-10,202502,4.2333903,94.687325,0.0,11.677636,0.0,38832.0,0.0,10.8327343
Mala,-9,202503,2.3705933,95.53124,0.0,11.399779,0.0,49264.0,0.0,11.336509999999999
Mala,-8,202504,3.6096091,95.21688,0.0,12.105468,0.0,56207.0,0.0,11.791835599999999
Mala,-7,202505,3.0387573,96.515205,0.0,11.349758,0.0,52099.0,0.0,11.3466512
Mala,-6,202506,3.3821077,96.34424,0.0,11.353024,0.0,52074.0,0.0,11.4681146
Mala,-5,202507,2.8913083,96.0473,0.0,12.028717,0.0,48500.0,0.0,11.531172399999999
Mala,-4,202508,3.6636014,96.077194,0.0,12.13714,0.0,56494.0,0.0,11.6952224
Mala,-3,202509,3.6961153,95.98992,0.0,12.281881,0.0,65046.0,0.0,12.1812906
Mala,-2,202510,6.2173305,93.4582,0.0,11.929181,0.0,54155.0,0.0,12.0042282
Mala,-1,202511,3.6101983,94.92164,0.0,12.531919,0.0,48163.0,0.0,11.5437865
Mala,0,202512,0.05108512,96.4607,0.0,12.796713,0.0,54257.0,0.0,11.9706791
Mala,1,202601,0.07790309,95.87736,0.0,12.709466,0.0,41700.0,0.0,11.3880143
Mala,2,202602,0.020776367,93.81871,0.05144027,13.023285,0.0,31553.0,0.0,11.6627398
Mala,3,202603,0.07132317,97.37596,0.1799283,13.110269,0.0,47834.0,0.0,12.448087099999999
Mala,4,202604,0.057313107,97.617485,1.6752173,12.927336,21.982346,53984.0,1477.0,12.2868806
Mala,5,202605,0.11079351,96.30434,2.8705373,12.295346,17.838041,43907.0,2815.0,12.2638306
