group,district_key,breakpoint,first_5g_yearmonth,relative_month,class
confirmed_86,ICA|CHINCHA|SUNAMPE,202405,,,never
confirmed_86,ICA|CHINCHA|ALTO LARAN,202406,,,never
confirmed_86,ICA|CHINCHA|CHINCHA ALTA,202406,,,never
confirmed_86,ICA|CHINCHA|CHINCHA BAJA,202406,,,never
confirmed_86,ICA|CHINCHA|EL CARMEN,202406,,,never
confirmed_86,ICA|CHINCHA|PUEBLO NUEVO,202406,,,never
confirmed_86,AREQUIPA|AREQUIPA|ALTO SELVA ALEGRE,202410,,,never
confirmed_86,AREQUIPA|AREQUIPA|JACOBO HUNTER,202410,,,never
confirmed_86,AREQUIPA|AREQUIPA|SACHACA,202410,,,never
confirmed_86,AREQUIPA|AREQUIPA|SOCABAYA,202410,,,never
confirmed_86,AREQUIPA|AREQUIPA|TIABAYA,202410,,,never
confirmed_86,AREQUIPA|AREQUIPA|YANAHUARA,202410,,,never
confirmed_86,AREQUIPA|AREQUIPA|CAYMA,202411,,,never
confirmed_86,AREQUIPA|AREQUIPA|JOSE LUIS BUSTAMANTE Y RIVERO,202411,,,never
confirmed_86,AREQUIPA|AREQUIPA|MARIANO MELGAR,202411,,,never
confirmed_86,AREQUIPA|AREQUIPA|MIRAFLORES,202411,,,never
confirmed_86,AREQUIPA|AREQUIPA|PAUCARPATA,202411,,,never
confirmed_86,PIURA|PIURA|CATACAOS,202411,,,never
confirmed_86,JUNIN|HUANCAYO|SAN AGUSTIN,202412,,,never
confirmed_86,LA LIBERTAD|TRUJILLO|EL PORVENIR,202412,,,never
confirmed_86,LA LIBERTAD|TRUJILLO|LA ESPERANZA,202412,,,never
confirmed_86,LA LIBERTAD|TRUJILLO|MOCHE,202412,,,never
confirmed_86,LA LIBERTAD|TRUJILLO|TRUJILLO,202412,,,never
confirmed_86,LA LIBERTAD|TRUJILLO|VICTOR LARCO HERRERA,202412,,,never
confirmed_86,LAMBAYEQUE|CHICLAYO|CHICLAYO,202412,,,never
confirmed_86,LAMBAYEQUE|CHICLAYO|JOSE LEONARDO ORTIZ,202412,,,never
confirmed_86,LAMBAYEQUE|CHICLAYO|LA VICTORIA,202412,,,never
confirmed_86,LAMBAYEQUE|CHICLAYO|PIMENTEL,202412,,,never
confirmed_86,PIURA|PIURA|CASTILLA,202412,,,never
confirmed_86,PIURA|PIURA|VEINTISEIS DE OCTUBRE,202412,,,never
confirmed_86,TACNA|CANDARAVE|CAMILACA,202412,,,never
confirmed_86,JUNIN|HUANCAYO|CHILCA,202501,,,never
confirmed_86,JUNIN|HUANCAYO|EL TAMBO,202501,,,never
confirmed_86,JUNIN|HUANCAYO|HUANCAYO,202501,,,never
confirmed_86,JUNIN|HUANCAYO|PILCOMAYO,202501,,,never
confirmed_86,LIMA|LIMA|PUNTA NEGRA,202504,202604.0,12.0,5g_after_window
confirmed_86,AYACUCHO|HUAMANGA|CARMEN ALTO,202505,,,never
confirmed_86,ICA|ICA|SUBTANJALLA,202507,,,never
confirmed_86,ICA|ICA|LA TINGUIÑA,202508,,,never
confirmed_86,CUSCO|CUSCO|CUSCO,202509,,,never
confirmed_86,CUSCO|CUSCO|SAN JERONIMO,202509,,,never
confirmed_86,CUSCO|CUSCO|SAN SEBASTIAN,202509,,,never
confirmed_86,CUSCO|CUSCO|SANTIAGO,202509,,,never
confirmed_86,CUSCO|CUSCO|WANCHAQ,202509,,,never
confirmed_86,ICA|ICA|ICA,202510,,,never
confirmed_86,ICA|ICA|PARCONA,202510,,,never
confirmed_86,LIMA|CAÑETE|CHILCA,202510,,,never
confirmed_86,LIMA|LIMA|BARRANCO,202511,202605.0,6.0,5g_after_window
confirmed_86,PUNO|PUNO|PUNO,202511,,,never
confirmed_86,PUNO|SAN ROMAN|CARACOTO,202511,,,never
confirmed_86,PUNO|SAN ROMAN|JULIACA,202511,,,never
confirmed_86,PUNO|SAN ROMAN|SAN MIGUEL,202511,,,never
confirmed_86,TUMBES|TUMBES|TUMBES,202511,,,never
confirmed_86,CUSCO|ACOMAYO|POMACANCHI,202512,,,never
confirmed_86,LIMA|CAÑETE|ASIA,202512,202510.0,-2.0,5g_before_bp
confirmed_86,LIMA|CAÑETE|MALA,202512,202604.0,4.0,5g_in_post_window
confirmed_86,LIMA|LIMA|BREÑA,202512,202604.0,4.0,5g_in_post_window
confirmed_86,LIMA|LIMA|CARABAYLLO,202512,202511.0,-1.0,5g_before_bp
confirmed_86,LIMA|LIMA|INDEPENDENCIA,202512,,,never
confirmed_86,LIMA|LIMA|LOS OLIVOS,202512,202603.0,3.0,5g_in_post_window
confirmed_86,LIMA|LIMA|PUENTE PIEDRA,202512,,,never
confirmed_86,LIMA|LIMA|SAN JUAN DE LURIGANCHO,202512,202605.0,5.0,5g_in_post_window
confirmed_86,LIMA|LIMA|SAN MARTIN DE PORRES,202512,202604.0,4.0,5g_in_post_window
confirmed_86,PUNO|CHUCUITO|DESAGUADERO,202601,,,never
confirmed_86,CALLAO|CALLAO|LA PERLA,202602,,,never
confirmed_86,CUSCO|ESPINAR|ESPINAR,202602,,,never
confirmed_86,LIMA|HUAURA|SAYAN,202602,,,never
confirmed_86,PUNO|MELGAR|AYAVIRI,202602,,,never
confirmed_86,ANCASH|YUNGAY|RANRAHIRCA,202604,,,never
confirmed_86,JUNIN|JAUJA|JAUJA,202604,,,never
confirmed_86,LA LIBERTAD|ASCOPE|CASA GRANDE,202604,,,never
confirmed_86,LIMA|LIMA|LA VICTORIA,202604,202504.0,-12.0,5g_before_bp
confirmed_86,LIMA|LIMA|LINCE,202604,202603.0,-1.0,5g_before_bp
confirmed_86,LIMA|LIMA|SANTA ANITA,202604,202603.0,-1.0,5g_before_bp
confirmed_86,ANCASH|YUNGAY|YUNGAY,202605,,,never
confirmed_86,CALLAO|CALLAO|BELLAVISTA,202605,202605.0,0.0,5g_in_post_window
confirmed_86,CALLAO|CALLAO|CALLAO,202605,202602.0,-3.0,5g_before_bp
confirmed_86,CUSCO|CHUMBIVILCAS|VELILLE,202605,,,never
confirmed_86,LA LIBERTAD|CHEPEN|PACANGA,202605,,,never
confirmed_86,LA LIBERTAD|OTUZCO|SALPO,202605,,,never
confirmed_86,LIMA|LIMA|JESUS MARIA,202605,202503.0,-14.0,5g_before_bp
confirmed_86,LIMA|LIMA|LIMA,202605,202511.0,-6.0,5g_before_bp
confirmed_86,LIMA|LIMA|MAGDALENA DEL MAR,202605,202605.0,0.0,5g_in_post_window
confirmed_86,LIMA|LIMA|RIMAC,202605,,,never
confirmed_86,LIMA|LIMA|SAN ISIDRO,202605,202403.0,-26.0,5g_before_bp
confirmed_86,LIMA|LIMA|SAN MIGUEL,202605,202604.0,-1.0,5g_before_bp
analyzed_67,AREQUIPA|AREQUIPA|ALTO SELVA ALEGRE,202410,,,never
analyzed_67,AREQUIPA|AREQUIPA|CAYMA,202411,,,never
analyzed_67,AREQUIPA|AREQUIPA|JACOBO HUNTER,202410,,,never
analyzed_67,AREQUIPA|AREQUIPA|MARIANO MELGAR,202411,,,never
analyzed_67,AREQUIPA|AREQUIPA|MIRAFLORES,202411,,,never
analyzed_67,AREQUIPA|AREQUIPA|PAUCARPATA,202411,,,never
analyzed_67,AREQUIPA|AREQUIPA|SACHACA,202410,,,never
analyzed_67,AREQUIPA|AREQUIPA|SOCABAYA,202410,,,never
analyzed_67,AREQUIPA|AREQUIPA|TIABAYA,202410,,,never
analyzed_67,AREQUIPA|AREQUIPA|YANAHUARA,202410,,,never
analyzed_67,AREQUIPA|AREQUIPA|JOSE LUIS BUSTAMANTE Y RIVERO,202411,,,never
analyzed_67,AYACUCHO|HUAMANGA|CARMEN ALTO,202505,,,never
analyzed_67,CALLAO|CALLAO|LA PERLA,202602,,,never
analyzed_67,CUSCO|CUSCO|CUSCO,202509,,,never
analyzed_67,CUSCO|CUSCO|SAN JERONIMO,202509,,,never
analyzed_67,CUSCO|CUSCO|SAN SEBASTIAN,202509,,,never
analyzed_67,CUSCO|CUSCO|SANTIAGO,202509,,,never
analyzed_67,CUSCO|CUSCO|WANCHAQ,202509,,,never
analyzed_67,CUSCO|ESPINAR|ESPINAR,202602,,,never
analyzed_67,ICA|ICA|ICA,202510,,,never
analyzed_67,ICA|ICA|LA TINGUIÑA,202508,,,never
analyzed_67,ICA|ICA|PARCONA,202510,,,never
analyzed_67,ICA|ICA|SUBTANJALLA,202507,,,never
analyzed_67,ICA|CHINCHA|CHINCHA ALTA,202406,,,never
analyzed_67,ICA|CHINCHA|ALTO LARAN,202406,,,never
analyzed_67,ICA|CHINCHA|CHINCHA BAJA,202406,,,never
analyzed_67,ICA|CHINCHA|EL CARMEN,202406,,,never
analyzed_67,ICA|CHINCHA|PUEBLO NUEVO,202406,,,never
analyzed_67,ICA|CHINCHA|SUNAMPE,202405,,,never
analyzed_67,JUNIN|HUANCAYO|HUANCAYO,202501,,,never
analyzed_67,JUNIN|HUANCAYO|CHILCA,202501,,,never
analyzed_67,JUNIN|HUANCAYO|EL TAMBO,202501,,,never
analyzed_67,JUNIN|HUANCAYO|PILCOMAYO,202501,,,never
analyzed_67,JUNIN|HUANCAYO|SAN AGUSTIN,202412,,,never
analyzed_67,LA LIBERTAD|TRUJILLO|TRUJILLO,202412,,,never
analyzed_67,LA LIBERTAD|TRUJILLO|EL PORVENIR,202412,,,never
analyzed_67,LA LIBERTAD|TRUJILLO|LA ESPERANZA,202412,,,never
analyzed_67,LA LIBERTAD|TRUJILLO|MOCHE,202412,,,never
analyzed_67,LA LIBERTAD|TRUJILLO|VICTOR LARCO HERRERA,202412,,,never
analyzed_67,LAMBAYEQUE|CHICLAYO|CHICLAYO,202412,,,never
analyzed_67,LAMBAYEQUE|CHICLAYO|JOSE LEONARDO ORTIZ,202412,,,never
analyzed_67,LAMBAYEQUE|CHICLAYO|LA VICTORIA,202412,,,never
analyzed_67,LAMBAYEQUE|CHICLAYO|PIMENTEL,202412,,,never
analyzed_67,LIMA|LIMA|BARRANCO,202511,202605.0,6.0,5g_after_window
analyzed_67,LIMA|LIMA|BREÑA,202512,202604.0,4.0,5g_in_post_window
analyzed_67,LIMA|LIMA|CARABAYLLO,202512,202511.0,-1.0,5g_before_bp
analyzed_67,LIMA|LIMA|INDEPENDENCIA,202512,,,never
analyzed_67,LIMA|LIMA|LOS OLIVOS,202512,202603.0,3.0,5g_in_post_window
analyzed_67,LIMA|LIMA|PUENTE PIEDRA,202512,,,never
analyzed_67,LIMA|LIMA|PUNTA NEGRA,202504,202604.0,12.0,5g_after_window
analyzed_67,LIMA|LIMA|SAN JUAN DE LURIGANCHO,202512,202605.0,5.0,5g_in_post_window
analyzed_67,LIMA|LIMA|SAN MARTIN DE PORRES,202512,202604.0,4.0,5g_in_post_window
analyzed_67,LIMA|CAÑETE|ASIA,202512,202510.0,-2.0,5g_before_bp
analyzed_67,LIMA|CAÑETE|CHILCA,202510,,,never
analyzed_67,LIMA|CAÑETE|MALA,202512,202604.0,4.0,5g_in_post_window
analyzed_67,LIMA|HUAURA|SAYAN,202602,,,never
analyzed_67,PIURA|PIURA|CASTILLA,202412,,,never
analyzed_67,PIURA|PIURA|CATACAOS,202411,,,never
analyzed_67,PIURA|PIURA|VEINTISEIS DE OCTUBRE,202412,,,never
analyzed_67,PUNO|PUNO|PUNO,202511,,,never
analyzed_67,PUNO|CHUCUITO|DESAGUADERO,202601,,,never
analyzed_67,PUNO|MELGAR|AYAVIRI,202602,,,never
analyzed_67,PUNO|SAN ROMAN|JULIACA,202511,,,never
analyzed_67,PUNO|SAN ROMAN|CARACOTO,202511,,,never
analyzed_67,PUNO|SAN ROMAN|SAN MIGUEL,202511,,,never
analyzed_67,TACNA|CANDARAVE|CAMILACA,202412,,,never
analyzed_67,TUMBES|TUMBES|TUMBES,202511,,,never
controls_used,APURIMAC|ABANCAY|ABANCAY,202410,,,never
controls_used,CAJAMARCA|CHOTA|CHOTA,202410,,,never
controls_used,CAJAMARCA|HUALGAYOC|BAMBAMARCA,202410,,,never
controls_used,CAJAMARCA|CAJAMARCA|CAJAMARCA,202410,,,never
controls_used,CAJAMARCA|CUTERVO|CUTERVO,202410,,,never
controls_used,CAJAMARCA|CHOTA|CHOTA,202411,,,never
controls_used,APURIMAC|ABANCAY|ABANCAY,202411,,,never
controls_used,CAJAMARCA|CAJAMARCA|CAJAMARCA,202411,,,never
controls_used,AMAZONAS|CHACHAPOYAS|CHACHAPOYAS,202411,,,never
controls_used,AYACUCHO|HUAMANGA|AYACUCHO,202411,,,never
controls_used,CAJAMARCA|CAJABAMBA|CAJABAMBA,202410,,,never
controls_used,CAJAMARCA|HUALGAYOC|BAMBAMARCA,202411,,,never
controls_used,AYACUCHO|HUANTA|HUANTA,202411,,,never
controls_used,CAJAMARCA|CUTERVO|CUTERVO,202411,,,never
controls_used,AYACUCHO|HUAMANGA|SAN JUAN BAUTISTA,202411,,,never
controls_used,CUSCO|URUBAMBA|URUBAMBA,202411,,,never
controls_used,APURIMAC|ABANCAY|TAMBURCO,202410,,,never
controls_used,CAJAMARCA|CAJAMARCA|LOS BAÑOS DEL INCA,202410,,,never
controls_used,AYACUCHO|HUAMANGA|SAN JUAN BAUTISTA,202410,,,never
controls_used,HUANUCO|HUANUCO|HUANUCO,202410,,,never
controls_used,HUANUCO|HUANUCO|AMARILIS,202410,,,never
controls_used,AMAZONAS|CHACHAPOYAS|CHACHAPOYAS,202410,,,never
controls_used,AREQUIPA|AREQUIPA|LA JOYA,202410,,,never
controls_used,ANCASH|HUAYLAS|CARAZ,202410,,,never
controls_used,MOQUEGUA|MARISCAL NIETO|MOQUEGUA,202410,,,never
controls_used,CAJAMARCA|SANTA CRUZ|SANTA CRUZ,202410,,,never
controls_used,AREQUIPA|CAYLLOMA|MAJES,202410,,,never
controls_used,CUSCO|URUBAMBA|MACHUPICCHU,202410,,,never
controls_used,CUSCO|URUBAMBA|URUBAMBA,202410,,,never
controls_used,JUNIN|TARMA|ACOBAMBA,202410,,,never
controls_used,HUANUCO|HUANUCO|AMARILIS,202411,,,never
controls_used,HUANUCO|HUANUCO|HUANUCO,202411,,,never
controls_used,CUSCO|URUBAMBA|URUBAMBA,202505,,,never
controls_used,CAJAMARCA|CAJABAMBA|CAJABAMBA,202505,,,never
controls_used,LA LIBERTAD|OTUZCO|OTUZCO,202505,,,never
controls_used,AYACUCHO|HUAMANGA|SAN JUAN BAUTISTA,202505,,,never
controls_used,ANCASH|HUARI|SAN MARCOS,202505,,,never
controls_used,LIMA|LIMA|MIRAFLORES,202602,202512.0,-2.0,5g_before_bp
controls_used,LIMA|LIMA|SURQUILLO,202602,202509.0,-5.0,5g_before_bp
controls_used,LIMA|LIMA|CIENEGUILLA,202602,,,never
controls_used,LIMA|LIMA|SAN BORJA,202602,202403.0,-23.0,5g_before_bp
controls_used,LIMA|LIMA|LA MOLINA,202602,202604.0,2.0,5g_in_post_window
controls_used,LA LIBERTAD|SANCHEZ CARRION|HUAMACHUCO,202509,,,never
controls_used,HUANCAVELICA|HUANCAVELICA|HUANCAVELICA,202509,,,never
controls_used,CUSCO|CANCHIS|SICUANI,202509,,,never
controls_used,JUNIN|TARMA|TARMA,202509,,,never
controls_used,CUSCO|CALCA|CALCA,202509,,,never
controls_used,ANCASH|HUARAZ|INDEPENDENCIA,202509,,,never
controls_used,ANCASH|HUARAZ|HUARAZ,202509,,,never
controls_used,AYACUCHO|HUAMANGA|SAN JUAN BAUTISTA,202509,,,never
controls_used,JUNIN|YAULI|LA OROYA,202602,,,never
controls_used,ANCASH|HUARAZ|INDEPENDENCIA,202602,,,never
controls_used,PASCO|PASCO|HUAYLLAY,202602,,,never
controls_used,ANCASH|HUARAZ|HUARAZ,202602,,,never
controls_used,JUNIN|YAULI|YAULI,202602,,,never
controls_used,TACNA|TACNA|TACNA,202510,,,never
controls_used,PIURA|MORROPON|CHULUCANAS,202510,,,never
controls_used,PIURA|PIURA|TAMBO GRANDE,202510,,,never
controls_used,LIMA|HUAURA|HUACHO,202510,,,never
controls_used,LIMA|LIMA|VILLA EL SALVADOR,202510,,,never
controls_used,ICA|ICA|SANTIAGO,202508,,,never
controls_used,TACNA|TACNA|CIUDAD NUEVA,202508,,,never
controls_used,LIMA|CAÑETE|IMPERIAL,202508,,,never
controls_used,LA LIBERTAD|VIRU|CHAO,202508,,,never
controls_used,LIMA|CAÑETE|SAN VICENTE DE CAÑETE,202508,,,never
controls_used,TACNA|TACNA|CIUDAD NUEVA,202510,,,never
controls_used,ICA|ICA|SANTIAGO,202510,,,never
controls_used,LIMA|CAÑETE|SAN VICENTE DE CAÑETE,202510,,,never
controls_used,PIURA|PAITA|PAITA,202510,,,never
controls_used,ICA|ICA|SANTIAGO,202507,,,never
controls_used,LIMA|CAÑETE|IMPERIAL,202507,,,never
controls_used,LA LIBERTAD|VIRU|CHAO,202507,,,never
controls_used,TACNA|TACNA|CIUDAD NUEVA,202507,,,never
controls_used,ICA|PISCO|SAN CLEMENTE,202507,,,never
controls_used,LIMA|LIMA|SAN BORJA,202406,202403.0,-3.0,5g_before_bp
controls_used,CALLAO|CALLAO|CARMEN DE LA LEGUA REYNOSO,202406,,,never
controls_used,LIMA|LIMA|PUEBLO LIBRE,202406,202603.0,21.0,5g_after_window
controls_used,LIMA|LIMA|SURQUILLO,202406,202509.0,15.0,5g_after_window
controls_used,LIMA|LIMA|MIRAFLORES,202406,202512.0,18.0,5g_after_window
controls_used,LA LIBERTAD|ASCOPE|CHOCOPE,202406,,,never
controls_used,LIMA|CAÑETE|QUILMANA,202406,,,never
controls_used,LIMA|CAÑETE|SAN LUIS,202406,,,never
controls_used,LIMA|CAÑETE|CERRO AZUL,202406,,,never
controls_used,AREQUIPA|ISLAY|COCACHACRA,202406,,,never
controls_used,AREQUIPA|CAMANA|SAMUEL PASTOR,202406,,,never
controls_used,LA LIBERTAD|ASCOPE|SANTIAGO DE CAO,202406,,,never
controls_used,AREQUIPA|ISLAY|MOLLENDO,202406,,,never
controls_used,LIMA|HUARAL|AUCALLAMA,202406,,,never
controls_used,ICA|PISCO|PARACAS,202406,,,never
controls_used,ICA|PISCO|HUMAY,202406,,,never
controls_used,LA LIBERTAD|PACASMAYO|PACASMAYO,202406,,,never
controls_used,LIMA|LIMA|SAN LUIS,202406,,,never
controls_used,LIMA|HUAURA|HUACHO,202406,,,never
controls_used,LIMA|LIMA|PACHACAMAC,202406,,,never
controls_used,ICA|PISCO|PISCO,202406,,,never
controls_used,LA LIBERTAD|PACASMAYO|PACASMAYO,202405,,,never
controls_used,ICA|PISCO|SAN ANDRES,202405,,,never
controls_used,LA LIBERTAD|TRUJILLO|SALAVERRY,202405,,,never
controls_used,LIMA|HUARAL|CHANCAY,202405,,,never
controls_used,LA LIBERTAD|PACASMAYO|SAN PEDRO DE LLOC,202405,,,never
controls_used,ANCASH|HUARAZ|HUARAZ,202501,,,never
controls_used,HUANCAVELICA|HUANCAVELICA|HUANCAVELICA,202501,,,never
controls_used,JUNIN|TARMA|TARMA,202501,,,never
controls_used,CUSCO|CANCHIS|SICUANI,202501,,,never
controls_used,APURIMAC|ANDAHUAYLAS|ANDAHUAYLAS,202501,,,never
controls_used,ANCASH|HUARAZ|INDEPENDENCIA,202501,,,never
controls_used,LA LIBERTAD|SANCHEZ CARRION|HUAMACHUCO,202501,,,never
controls_used,ANCASH|HUARI|SAN MARCOS,202501,,,never
controls_used,AYACUCHO|LUCANAS|PUQUIO,202501,,,never
controls_used,CUSCO|CALCA|CALCA,202501,,,never
controls_used,CUSCO|ANTA|ANTA,202501,,,never
controls_used,CUSCO|ANTA|ANTA,202412,,,never
controls_used,HUANCAVELICA|TAYACAJA|PAMPAS,202412,,,never
controls_used,JUNIN|CONCEPCION|CONCEPCION,202412,,,never
controls_used,AYACUCHO|LUCANAS|PUQUIO,202412,,,never
controls_used,HUANCAVELICA|HUANCAVELICA|HUANCAVELICA,202412,,,never
controls_used,LIMA|LIMA|SANTIAGO DE SURCO,202412,202403.0,-9.0,5g_before_bp
controls_used,CALLAO|CALLAO|VENTANILLA,202412,,,never
controls_used,ANCASH|SANTA|NUEVO CHIMBOTE,202412,,,never
controls_used,LIMA|LIMA|COMAS,202412,,,never
controls_used,LIMA|LIMA|VILLA EL SALVADOR,202412,,,never
controls_used,LIMA|LIMA|PACHACAMAC,202412,,,never
controls_used,LIMA|LIMA|CHORRILLOS,202412,202603.0,15.0,5g_after_window
controls_used,ANCASH|SANTA|CHIMBOTE,202412,,,never
controls_used,LIMA|LIMA|SAN JUAN DE MIRAFLORES,202412,202403.0,-9.0,5g_before_bp
controls_used,LIMA|LIMA|EL AGUSTINO,202412,202603.0,15.0,5g_after_window
controls_used,PIURA|PIURA|TAMBO GRANDE,202412,,,never
controls_used,LIMA|HUARAL|CHANCAY,202412,,,never
controls_used,CALLAO|CALLAO|CARMEN DE LA LEGUA REYNOSO,202412,,,never
controls_used,LIMA|HUAURA|SANTA MARIA,202412,,,never
controls_used,AREQUIPA|ISLAY|MOLLENDO,202412,,,never
controls_used,AREQUIPA|CAMANA|SAMUEL PASTOR,202412,,,never
controls_used,LIMA|LIMA|LURIN,202412,,,never
controls_used,LIMA|HUAURA|HUACHO,202412,,,never
controls_used,ICA|PISCO|PISCO,202412,,,never
controls_used,LIMA|LIMA|PUEBLO LIBRE,202412,202603.0,15.0,5g_after_window
controls_used,LIMA|LIMA|ANCON,202412,,,never
controls_used,MOQUEGUA|ILO|ILO,202412,,,never
controls_used,LIMA|HUAURA|HUAURA,202412,,,never
controls_used,LIMA|HUAURA|HUALMAY,202412,,,never
controls_used,LIMA|LIMA|SURQUILLO,202511,202509.0,-2.0,5g_before_bp
controls_used,LA LIBERTAD|ASCOPE|CHICAMA,202511,,,never
controls_used,LIMA|LIMA|CIENEGUILLA,202511,,,never
controls_used,LIMA|LIMA|MIRAFLORES,202511,202512.0,1.0,5g_in_post_window
controls_used,LIMA|LIMA|MIRAFLORES,202512,202512.0,0.0,5g_in_post_window
controls_used,LIMA|LIMA|SURQUILLO,202512,202509.0,-3.0,5g_before_bp
controls_used,LIMA|LIMA|SAN BORJA,202512,202403.0,-21.0,5g_before_bp
controls_used,PIURA|TALARA|PARIÑAS,202512,,,never
controls_used,LIMA|BARRANCA|BARRANCA,202512,,,never
controls_used,LIMA|LIMA|LA MOLINA,202512,202604.0,4.0,5g_in_post_window
controls_used,LIMA|LIMA|SANTIAGO DE SURCO,202512,202403.0,-21.0,5g_before_bp
controls_used,LIMA|LIMA|CHORRILLOS,202512,202603.0,3.0,5g_in_post_window
controls_used,CALLAO|CALLAO|VENTANILLA,202512,,,never
controls_used,LIMA|LIMA|ATE,202512,202604.0,4.0,5g_in_post_window
controls_used,ANCASH|SANTA|CHIMBOTE,202512,,,never
controls_used,LIMA|CAÑETE|CERRO AZUL,202504,,,never
controls_used,ICA|PISCO|PARACAS,202504,,,never
controls_used,TUMBES|CONTRALMIRANTE VILLAR|CANOAS DE PUNTA SAL,202504,,,never
controls_used,ICA|PISCO|SAN ANDRES,202504,,,never
controls_used,TACNA|TACNA|SAMA,202504,,,never
controls_used,LIMA|LIMA|VILLA EL SALVADOR,202512,,,never
controls_used,TACNA|TACNA|SAMA,202512,,,never
controls_used,ANCASH|HUARMEY|HUARMEY,202512,,,never
controls_used,AREQUIPA|ISLAY|MOLLENDO,202512,,,never
controls_used,LA LIBERTAD|ASCOPE|CHICAMA,202512,,,never
controls_used,LIMA|CAÑETE|QUILMANA,202512,,,never
controls_used,ANCASH|HUARMEY|HUARMEY,202510,,,never
controls_used,AREQUIPA|ISLAY|MOLLENDO,202510,,,never
controls_used,LA LIBERTAD|PACASMAYO|PACASMAYO,202510,,,never
controls_used,LIMA|HUARAL|CHANCAY,202510,,,never
controls_used,LIMA|CAÑETE|QUILMANA,202510,,,never
controls_used,LA LIBERTAD|PACASMAYO|PACASMAYO,202512,,,never
controls_used,LIMA|HUARAL|CHANCAY,202512,,,never
controls_used,TACNA|TACNA|CIUDAD NUEVA,202602,,,never
controls_used,ICA|ICA|SALAS,202602,,,never
controls_used,TACNA|TACNA|ALTO DE LA ALIANZA,202602,,,never
controls_used,ICA|ICA|SANTIAGO,202602,,,never
controls_used,LIMA|HUARAL|AUCALLAMA,202602,,,never
controls_used,LA LIBERTAD|VIRU|VIRU,202411,,,never
controls_used,PIURA|PAITA|PAITA,202411,,,never
controls_used,LIMA|CAÑETE|SAN VICENTE DE CAÑETE,202411,,,never
controls_used,LA LIBERTAD|PACASMAYO|GUADALUPE,202411,,,never
controls_used,LIMA|CAÑETE|IMPERIAL,202411,,,never
controls_used,PIURA|SULLANA|SULLANA,202412,,,never
controls_used,PIURA|PAITA|PAITA,202412,,,never
controls_used,CUSCO|CANCHIS|SICUANI,202511,,,never
controls_used,HUANCAVELICA|HUANCAVELICA|HUANCAVELICA,202511,,,never
controls_used,ANCASH|HUARAZ|HUARAZ,202511,,,never
controls_used,ANCASH|HUARAZ|INDEPENDENCIA,202511,,,never
controls_used,LA LIBERTAD|SANCHEZ CARRION|HUAMACHUCO,202511,,,never
controls_used,HUANCAVELICA|HUANCAVELICA|HUANCAVELICA,202601,,,never
controls_used,AREQUIPA|CASTILLA|ORCOPAMPA,202601,,,never
controls_used,CUSCO|CANCHIS|SICUANI,202601,,,never
controls_used,CUSCO|ANTA|ANTA,202601,,,never
controls_used,LA LIBERTAD|SANCHEZ CARRION|HUAMACHUCO,202601,,,never
controls_used,HUANCAVELICA|HUANCAVELICA|HUANCAVELICA,202602,,,never
controls_used,CUSCO|CANCHIS|SICUANI,202602,,,never
controls_used,AREQUIPA|CASTILLA|ORCOPAMPA,202602,,,never
controls_used,AREQUIPA|CASTILLA|ORCOPAMPA,202511,,,never
controls_used,JUNIN|YAULI|HUAYHUAY,202511,,,never
controls_used,CUSCO|ANTA|ANTA,202511,,,never
controls_used,JUNIN|YAULI|LA OROYA,202511,,,never
controls_used,ANCASH|HUARI|SAN MARCOS,202511,,,never
controls_used,AYACUCHO|PAUCAR DEL SARA SARA|OYOLO,202412,,,never
controls_used,AREQUIPA|CASTILLA|ORCOPAMPA,202412,,,never
controls_used,AREQUIPA|CAYLLOMA|YANQUE,202412,,,never
controls_used,LIMA|HUAURA|HUACHO,202511,,,never
controls_used,PIURA|TALARA|PARIÑAS,202511,,,never
controls_used,LIMA|LIMA|LURIN,202511,,,never
controls_used,PIURA|PIURA|TAMBO GRANDE,202511,,,never
controls_used,ANCASH|SANTA|CHIMBOTE,202511,,,never
