district,department,tau,yearmonth,treated_4g_dl,treated_4g_meas,treated_4g_time_pct,control_mean_4g_dl,control_mean_4g_meas
Socabaya,Arequipa,-12,202310,9.42057,36595.0,95.13116,10.2866028,42694.2
Socabaya,Arequipa,-11,202311,8.429635,27135.0,94.95816,10.076098400000001,42577.2
Socabaya,Arequipa,-10,202312,8.537264,27428.0,95.761505,10.883744799999999,44065.2
Socabaya,Arequipa,-9,202401,9.274182,20774.0,93.523125,9.814189000000002,39954.4
Socabaya,Arequipa,-8,202402,9.507683,24870.0,90.35248,11.0832466,34748.8
Socabaya,Arequipa,-7,202403,9.418036,23150.0,91.66415,9.999676099999999,34651.8
Socabaya,Arequipa,-6,202404,13.992562,32134.0,96.10612,11.277214,32390.2
Socabaya,Arequipa,-5,202405,13.5069065,32540.0,96.38263,10.9961806,31435.8
Socabaya,Arequipa,-4,202406,11.349991,35768.0,96.31804,10.6106724,35521.6
Socabaya,Arequipa,-3,202407,9.047437,29347.0,95.48764,11.3655334,37375.2
Socabaya,Arequipa,-2,202408,9.310996,22064.0,96.29354,11.0734862,33872.0
Socabaya,Arequipa,-1,202409,9.835673,32968.0,96.95084,10.466944400000001,36146.0
Socabaya,Arequipa,0,202410,9.906948,35970.0,97.128365,10.1472384,34779.6
Socabaya,Arequipa,1,202411,10.270922,40044.0,97.686165,10.330299,33799.8
Socabaya,Arequipa,2,202412,10.751978,40280.0,97.7796,10.306845800000001,30710.8
Socabaya,Arequipa,3,202501,9.381789,24715.0,98.13555,10.7699744,42359.0
Socabaya,Arequipa,4,202502,9.851045,29623.0,98.353645,10.701729400000001,40223.2
Socabaya,Arequipa,5,202503,10.037416,43924.0,97.10088,10.9033606,38840.0
Socabaya,Arequipa,6,202504,9.745872,40434.0,97.29002,10.6629748,38791.6
Socabaya,Arequipa,7,202505,10.173679,36579.0,97.17927,10.4774402,31053.2
Socabaya,Arequipa,8,202506,9.689719,33752.0,96.97083,10.5549374,25992.8
Socabaya,Arequipa,9,202507,9.310895,31640.0,97.520836,10.0747914,27086.4
Socabaya,Arequipa,10,202508,11.335909,26275.0,97.51068,10.6995612,31758.4
Socabaya,Arequipa,11,202509,10.301198,27688.0,96.47898,10.971466099999999,31084.4
Socabaya,Arequipa,12,202510,10.997642,33043.0,97.47762,10.815140600000001,29732.8
Sunampe,Ica,-12,202305,13.188106,24697.0,94.37298,11.6631705,25655.8
Sunampe,Ica,-11,202306,12.6644335,33594.0,91.14855,12.248270999999999,30347.8
Sunampe,Ica,-10,202307,12.587157,42800.0,92.57017,12.142564099999998,36414.4
Sunampe,Ica,-9,202308,11.94695,38934.0,95.98787,11.0972643,35510.8
Sunampe,Ica,-8,202309,12.148876,38854.0,94.073166,10.7450208,34936.8
Sunampe,Ica,-7,202310,11.478579,44338.0,97.39433,10.6661754,37945.4
Sunampe,Ica,-6,202311,11.530546,40265.0,96.01902,11.4792146,35480.0
Sunampe,Ica,-5,202312,13.140054,52965.0,95.87731,12.0924484,33552.4
Sunampe,Ica,-4,202401,11.746307,49029.0,95.70794,11.579711900000001,31061.4
Sunampe,Ica,-3,202402,11.873064,42469.0,95.2259,11.693060800000001,26229.2
Sunampe,Ica,-2,202403,11.438472,46286.0,95.0403,12.0561732,29200.6
Sunampe,Ica,-1,202404,12.129997,55462.0,97.05279,12.466090600000001,29853.4
Sunampe,Ica,0,202405,12.545376,46784.0,98.853485,13.1509914,31654.6
Sunampe,Ica,1,202406,12.719716,42976.0,96.13698,13.6181072,28773.0
Sunampe,Ica,2,202407,11.351917,34509.0,97.47625,12.8500876,30145.4
Sunampe,Ica,3,202408,12.00538,37443.0,98.165596,12.913388000000001,26230.2
Sunampe,Ica,4,202409,12.109469,40319.0,97.54518,12.232078,32061.2
Sunampe,Ica,5,202410,11.924708,42020.0,97.77801,11.343871,39826.2
Sunampe,Ica,6,202411,11.687888,31881.0,97.057495,12.537545,36154.0
Sunampe,Ica,7,202412,11.98213,28969.0,95.45055,12.325846100000001,33170.2
Sunampe,Ica,8,202501,11.966063,36974.0,96.223335,12.224222000000001,34333.6
Sunampe,Ica,9,202502,11.431902,25319.0,95.61765,11.143045400000002,28233.2
Sunampe,Ica,10,202503,11.340706,30823.0,98.86169,11.396412399999999,31646.8
Sunampe,Ica,11,202504,10.575775,29354.0,95.68933,12.283509200000001,28250.0
Sunampe,Ica,12,202505,11.207232,27777.0,97.5764,11.599101600000001,30633.8
San Agustin,Junin,-12,202312,9.757801,33071.0,96.08817,8.816848539999999,31119.0
San Agustin,Junin,-11,202401,8.179369,43019.0,95.306854,9.0236088,28898.4
San Agustin,Junin,-10,202402,7.8279066,38745.0,92.77859,9.098461,26489.2
San Agustin,Junin,-9,202403,7.6925697,46109.0,96.196815,8.4919622,25251.2
San Agustin,Junin,-8,202404,8.196996,43604.0,94.65987,8.95162174,26818.4
San Agustin,Junin,-7,202405,10.329546,32134.0,92.188,8.596877899999999,25194.4
San Agustin,Junin,-6,202406,9.347518,28651.0,92.98468,9.332830679999999,26781.6
San Agustin,Junin,-5,202407,9.520856,25399.0,93.54194,9.2737834,30107.8
San Agustin,Junin,-4,202408,9.551263,24839.0,96.68504,9.0974154,25430.6
San Agustin,Junin,-3,202409,9.347602,26871.0,96.660194,9.163241600000001,24060.0
San Agustin,Junin,-2,202410,8.973726,28055.0,95.61183,8.734069,28402.0
San Agustin,Junin,-1,202411,8.692002,30677.0,96.47919,8.6341875,23461.2
San Agustin,Junin,0,202412,9.4032545,27904.0,97.68233,8.9483274,24989.8
San Agustin,Junin,1,202501,7.8046346,25468.0,97.19893,8.47592058,22251.0
San Agustin,Junin,2,202502,8.323155,22510.0,97.56742,8.307333080000001,18947.0
San Agustin,Junin,3,202503,8.376029,25193.0,96.7212,7.8674228,22902.8
San Agustin,Junin,4,202504,8.748566,20040.0,96.75799,7.830578639999999,24173.4
San Agustin,Junin,5,202505,9.667667,14406.0,96.65483,8.42751392,21419.2
San Agustin,Junin,6,202506,9.003099,15812.0,97.3881,9.13800674,20946.6
San Agustin,Junin,7,202507,9.132474,17747.0,96.377686,9.0982305,21989.2
San Agustin,Junin,8,202508,8.510493,16421.0,95.82216,9.865861599999999,23191.2
San Agustin,Junin,9,202509,9.378714,21997.0,98.57864,10.214593599999999,22432.2
San Agustin,Junin,10,202510,8.994318,18841.0,99.33832,10.255904999999998,21936.4
San Agustin,Junin,11,202511,8.431895,13090.0,98.10458,9.9430322,18764.0
San Agustin,Junin,12,202512,9.219667,17721.0,97.60403,9.5466909,15008.4
El Porvenir,La Libertad,-12,202312,8.0841465,46324.0,90.035095,10.0629252,153625.6
El Porvenir,La Libertad,-11,202401,9.336655,42732.0,88.062546,10.177979400000002,141780.4
El Porvenir,La Libertad,-10,202402,9.148023,45327.0,90.79238,9.864199600000001,129298.2
El Porvenir,La Libertad,-9,202403,7.6998844,45698.0,90.18322,9.817566600000001,134676.4
El Porvenir,La Libertad,-8,202404,8.751231,45768.0,89.460106,9.963192,137344.4
El Porvenir,La Libertad,-7,202405,8.033817,50161.0,88.77964,9.8038426,124459.0
El Porvenir,La Libertad,-6,202406,9.87921,63212.0,90.95135,9.609865600000001,116197.2
El Porvenir,La Libertad,-5,202407,9.12926,60615.0,91.43142,9.7877046,115250.2
El Porvenir,La Libertad,-4,202408,9.314292,60083.0,92.67012,10.0332694,112220.2
El Porvenir,La Libertad,-3,202409,10.205242,75667.0,90.831535,9.8909794,121449.2
El Porvenir,La Libertad,-2,202410,10.794313,77628.0,91.527985,9.6546965,126591.6
El Porvenir,La Libertad,-1,202411,9.483564,57139.0,91.95273,9.7748758,118420.2
El Porvenir,La Libertad,0,202412,10.502724,65712.0,93.39937,9.9030584,104560.0
El Porvenir,La Libertad,1,202501,9.608084,48424.0,91.905365,10.104212,111797.4
El Porvenir,La Libertad,2,202502,9.790069,41296.0,93.34894,10.1600455,105033.4
El Porvenir,La Libertad,3,202503,8.967711,39441.0,91.72395,10.5163318,118859.8
El Porvenir,La Libertad,4,202504,8.558382,44674.0,90.29027,10.6769194,127750.4
El Porvenir,La Libertad,5,202505,10.287609,54128.0,96.16363,10.927190000000001,118061.4
El Porvenir,La Libertad,6,202506,10.977471,38961.0,92.349045,10.7541476,107343.2
El Porvenir,La Libertad,7,202507,10.742544,37317.0,93.58592,11.120008799999999,107652.2
El Porvenir,La Libertad,8,202508,12.078623,42733.0,93.12882,11.230787199999998,111848.8
El Porvenir,La Libertad,9,202509,12.23545,41895.0,92.19582,11.277819,89890.0
El Porvenir,La Libertad,10,202510,12.524332,47055.0,94.1123,11.555354600000001,81923.0
El Porvenir,La Libertad,11,202511,12.528993,56437.0,95.343185,11.7320408,83879.8
El Porvenir,La Libertad,12,202512,11.59947,55740.0,95.360794,12.1306376,80413.8
Chiclayo,Lambayeque,-12,202312,10.625832,205859.0,93.29089,10.342672400000001,184645.2
Chiclayo,Lambayeque,-11,202401,11.021553,190359.0,93.88156,10.3286532,160617.2
Chiclayo,Lambayeque,-10,202402,10.69923,159319.0,93.70922,10.4482292,149460.2
Chiclayo,Lambayeque,-9,202403,10.836189,156831.0,94.02163,10.214518000000002,156484.0
Chiclayo,Lambayeque,-8,202404,10.320843,175216.0,94.83797,10.5521892,158711.0
Chiclayo,Lambayeque,-7,202405,10.909495,193446.0,95.592415,10.6077914,156892.4
Chiclayo,Lambayeque,-6,202406,10.529101,162552.0,94.998535,10.2675012,145337.4
Chiclayo,Lambayeque,-5,202407,10.318794,160730.0,94.27526,10.4971539,138269.8
Chiclayo,Lambayeque,-4,202408,10.656595,141538.0,95.713646,10.8563155,136819.4
Chiclayo,Lambayeque,-3,202409,10.377608,170466.0,95.90275,10.5210764,141991.0
Chiclayo,Lambayeque,-2,202410,10.165014,212095.0,95.82432,10.5272878,150540.4
Chiclayo,Lambayeque,-1,202411,9.959286,178263.0,96.92879,10.8082956,136336.6
Chiclayo,Lambayeque,0,202412,11.422111,170592.0,96.78129,11.017064000000001,124841.8
Chiclayo,Lambayeque,1,202501,11.672198,158378.0,95.521675,11.0146038,134703.4
Chiclayo,Lambayeque,2,202502,10.253734,157061.0,96.416565,10.992318399999998,133385.8
Chiclayo,Lambayeque,3,202503,9.760014,194826.0,96.44104,11.56244,156341.2
Chiclayo,Lambayeque,4,202504,10.00334,165090.0,96.97542,11.355313,156425.2
Chiclayo,Lambayeque,5,202505,10.649043,183983.0,96.59077,11.569402700000001,147212.2
Chiclayo,Lambayeque,6,202506,12.071632,165455.0,97.69703,11.5233686,131518.2
Chiclayo,Lambayeque,7,202507,12.020131,148696.0,97.15886,11.7623262,135695.6
Chiclayo,Lambayeque,8,202508,12.461978,174614.0,97.821785,11.7695134,133666.2
Chiclayo,Lambayeque,9,202509,12.705059,144774.0,98.011604,11.906301,117955.2
Chiclayo,Lambayeque,10,202510,12.790522,137193.0,98.303024,12.1157646,123557.6
Chiclayo,Lambayeque,11,202511,12.899739,137830.0,98.44772,12.280756799999999,115500.8
Chiclayo,Lambayeque,12,202512,12.972348,128590.0,97.247826,12.459539,108172.4
La Victoria,Lambayeque,-12,202312,10.288975,43497.0,95.200676,10.4370626,107785.8
La Victoria,Lambayeque,-11,202401,10.561386,38559.0,94.77214,10.511465399999999,103195.0
La Victoria,Lambayeque,-10,202402,11.247249,33897.0,92.603714,10.183776,92250.0
La Victoria,Lambayeque,-9,202403,9.310879,42403.0,96.28697,10.0953176,98510.4
La Victoria,Lambayeque,-8,202404,9.732799,36430.0,95.68522,10.5354584,99458.6
La Victoria,Lambayeque,-7,202405,9.100928,44605.0,95.94623,10.1715431,97832.4
La Victoria,Lambayeque,-6,202406,11.019594,46167.0,96.80872,10.3067442,90998.8
La Victoria,Lambayeque,-5,202407,11.396543,50191.0,95.87425,10.202391700000002,91218.6
La Victoria,Lambayeque,-4,202408,10.637383,39487.0,96.53001,10.547813600000001,81654.2
La Victoria,Lambayeque,-3,202409,10.32148,41949.0,97.15186,10.2979131,85081.8
La Victoria,Lambayeque,-2,202410,9.782834,46909.0,95.856575,10.1855814,91983.8
La Victoria,Lambayeque,-1,202411,9.597743,41925.0,97.046776,10.1923042,84815.2
La Victoria,Lambayeque,0,202412,9.765975,46545.0,98.24527,9.8159216,76963.4
La Victoria,Lambayeque,1,202501,9.717503,37895.0,96.7776,10.027995,81169.6
La Victoria,Lambayeque,2,202502,9.325766,43758.0,97.92787,9.665977900000001,76448.6
La Victoria,Lambayeque,3,202503,9.536309,43638.0,97.78166,10.0371893,81512.0
La Victoria,Lambayeque,4,202504,9.943248,45685.0,95.73598,10.2993116,76375.2
La Victoria,Lambayeque,5,202505,9.867271,39175.0,96.80371,10.2302245,72331.4
La Victoria,Lambayeque,6,202506,11.46783,37061.0,97.38397,10.1308808,69301.2
La Victoria,Lambayeque,7,202507,12.689809,44171.0,98.119514,10.3662442,66407.8
La Victoria,Lambayeque,8,202508,12.434798,49571.0,96.516785,10.6612774,71565.6
La Victoria,Lambayeque,9,202509,12.486698,45290.0,97.622826,10.9431964,64443.0
La Victoria,Lambayeque,10,202510,13.236013,50374.0,97.1714,11.0884608,61302.2
La Victoria,Lambayeque,11,202511,14.175513,45221.0,97.21293,11.6490817,60663.4
La Victoria,Lambayeque,12,202512,12.987055,40113.0,97.84823,11.823762599999998,54139.2
Breña,Lima,-12,202412,10.392201,65242.0,95.58019,11.5237266,90202.8
Breña,Lima,-11,202501,10.383628,64705.0,92.50128,11.5301782,99901.2
Breña,Lima,-10,202502,11.397219,60878.0,94.423996,11.254919400000002,93016.4
Breña,Lima,-9,202503,11.696852,60955.0,96.39079,11.467028,104983.4
Breña,Lima,-8,202504,12.154782,65890.0,96.36506,12.049033099999999,104296.8
Breña,Lima,-7,202505,13.108296,77948.0,98.1644,11.9968122,99619.6
Breña,Lima,-6,202506,13.503706,67358.0,96.461914,12.0432386,92083.4
Breña,Lima,-5,202507,12.092561,76810.0,96.359695,11.8956095,88112.4
Breña,Lima,-4,202508,11.794642,66230.0,97.60096,12.1325842,93244.0
Breña,Lima,-3,202509,12.530323,74733.0,98.07002,12.772934600000001,87478.0
Breña,Lima,-2,202510,12.822158,66175.0,97.86095,12.7870849,86312.6
Breña,Lima,-1,202511,13.363552,62545.0,98.34331,12.7372543,79310.4
Breña,Lima,0,202512,13.886901,59299.0,98.19336,13.1623254,82324.8
Breña,Lima,1,202601,14.086522,57074.0,98.56455,13.4267171,83523.0
Breña,Lima,2,202602,13.071259,59295.0,96.651474,13.5925148,80775.6
Breña,Lima,3,202603,12.902976,53831.0,98.34814,13.5162148,86583.8
Breña,Lima,4,202604,13.148812,48636.0,98.76607,13.5469884,78159.4
Breña,Lima,5,202605,13.672227,54847.0,98.53398,13.618440799999998,72457.0
Carabayllo,Lima,-12,202412,10.308854,145797.0,90.41824,11.620987,174006.33333333334
Carabayllo,Lima,-11,202501,11.216667,126292.0,92.73981,11.787683999999999,184976.0
Carabayllo,Lima,-10,202502,12.721289,149437.0,93.406075,11.6945335,170092.33333333334
Carabayllo,Lima,-9,202503,13.055373,169434.0,94.199066,12.05137,207910.33333333334
Carabayllo,Lima,-8,202504,12.568585,178972.0,95.30703,12.250692666666666,186796.0
Carabayllo,Lima,-7,202505,13.030358,166555.0,95.80183,12.080232333333333,181039.66666666666
Carabayllo,Lima,-6,202506,13.87983,164213.0,96.48353,12.070001,172272.33333333334
Carabayllo,Lima,-5,202507,13.196912,158329.0,96.007484,12.430973666666667,166969.0
Carabayllo,Lima,-4,202508,12.97969,158243.0,96.760735,12.44151,186328.33333333334
Carabayllo,Lima,-3,202509,12.659134,143001.0,97.57273,12.850837,163763.66666666666
Carabayllo,Lima,-2,202510,13.051315,138061.0,96.85074,13.077252333333334,154265.66666666666
Carabayllo,Lima,-1,202511,14.538212,157272.0,97.580696,13.159878333333333,148096.66666666666
Carabayllo,Lima,0,202512,14.673113,153985.0,98.51298,13.842973333333333,149505.33333333334
Carabayllo,Lima,1,202601,13.917837,137753.0,98.80586,13.974809333333333,145924.33333333334
Carabayllo,Lima,2,202602,14.040616,148571.0,98.84012,14.988164333333332,144239.66666666666
Carabayllo,Lima,3,202603,14.103414,170196.0,99.04153,14.786837,154181.0
Carabayllo,Lima,4,202604,13.097819,134554.0,99.29529,14.693748666666666,136105.33333333334
Carabayllo,Lima,5,202605,13.284177,106066.0,98.70218,14.311773666666667,140155.66666666666
Independencia,Lima,-12,202412,10.807154,88200.0,92.55693,11.3400772,158963.2
Independencia,Lima,-11,202501,12.635545,100688.0,93.404274,11.271386600000001,170741.2
Independencia,Lima,-10,202502,11.620127,97858.0,93.48942,11.062915300000002,159127.2
Independencia,Lima,-9,202503,11.408864,110428.0,94.84783,11.4337976,192270.4
Independencia,Lima,-8,202504,11.73603,107465.0,94.78412,11.735851299999998,189312.4
Independencia,Lima,-7,202505,11.9741125,106863.0,94.70625,11.6686996,172013.4
Independencia,Lima,-6,202506,11.708428,102951.0,94.45729,11.7281854,161097.2
Independencia,Lima,-5,202507,11.733929,97429.0,93.36842,11.938745899999999,153518.4
Independencia,Lima,-4,202508,12.044074,109232.0,93.90667,12.1508082,159920.8
Independencia,Lima,-3,202509,13.013014,110286.0,94.4759,12.3804096,134385.6
Independencia,Lima,-2,202510,12.42973,89507.0,95.42527,12.526884599999999,135407.6
Independencia,Lima,-1,202511,12.76088,79972.0,97.79539,12.7996714,127101.2
Independencia,Lima,0,202512,12.623341,78929.0,96.16739,13.159388799999999,133886.2
Independencia,Lima,1,202601,12.955612,77226.0,96.4395,13.478626600000002,136608.2
Independencia,Lima,2,202602,12.3679905,65909.0,97.809944,13.526239200000001,130333.0
Independencia,Lima,3,202603,12.964834,80155.0,98.35118,13.494296400000001,138868.4
Independencia,Lima,4,202604,13.167127,83333.0,98.54363,13.3810104,119832.4
Independencia,Lima,5,202605,12.838061,76301.0,98.48972,13.684950999999998,123334.4
Los Olivos,Lima,-12,202412,11.126807,181135.0,91.826996,11.499336,224418.0
Los Olivos,Lima,-11,202501,11.841656,188915.0,92.85315,11.76758225,235696.25
Los Olivos,Lima,-10,202502,12.252078,175108.0,93.66969,11.587068624999999,216977.0
Los Olivos,Lima,-9,202503,12.50764,196544.0,94.17829,11.884805499999999,253538.0
Los Olivos,Lima,-8,202504,11.766205,197577.0,95.602615,12.021359749999998,236989.75
Los Olivos,Lima,-7,202505,12.008074,197902.0,95.515625,11.988509,231858.75
Los Olivos,Lima,-6,202506,12.973744,197208.0,95.16931,11.96691375,220186.5
Los Olivos,Lima,-5,202507,12.783185,171199.0,95.86669,12.277931749999999,218054.75
Los Olivos,Lima,-4,202508,12.58411,170575.0,96.22417,12.43130375,238207.75
Los Olivos,Lima,-3,202509,13.237459,157679.0,96.296974,12.717344,209161.25
Los Olivos,Lima,-2,202510,13.720346,151313.0,96.47673,12.909291000000001,206642.0
Los Olivos,Lima,-1,202511,13.598413,142963.0,97.33869,12.97398475,194069.0
Los Olivos,Lima,0,202512,14.186612,157474.0,97.60834,13.521949,194495.25
Los Olivos,Lima,1,202601,14.104302,160760.0,97.82375,13.56830025,184928.25
Los Olivos,Lima,2,202602,13.453126,151292.0,98.99073,14.375715750000001,177561.75
Los Olivos,Lima,3,202603,13.468227,167737.0,98.41239,14.30231725,196570.0
Los Olivos,Lima,4,202604,13.451969,139869.0,98.94102,14.165536250000002,168983.75
Los Olivos,Lima,5,202605,13.101505,137270.0,97.57187,13.9132875,172203.75
Puente Piedra,Lima,-12,202412,10.227809,119284.0,93.60822,10.9811206,155588.4
Puente Piedra,Lima,-11,202501,10.933811,109175.0,92.79963,11.0666296,165482.6
Puente Piedra,Lima,-10,202502,11.44663,119615.0,93.86336,10.9538147,155110.0
Puente Piedra,Lima,-9,202503,11.618174,142389.0,93.78581,11.5141622,190236.0
Puente Piedra,Lima,-8,202504,12.964711,145706.0,93.29482,11.6045812,186694.0
Puente Piedra,Lima,-7,202505,13.085265,138963.0,94.11417,11.681581799999998,170420.8
Puente Piedra,Lima,-6,202506,12.449143,149881.0,94.87167,11.56887,157936.4
Puente Piedra,Lima,-5,202507,11.789668,139653.0,95.18742,11.8981964,157835.8
Puente Piedra,Lima,-4,202508,12.171505,134252.0,95.655594,11.9187612,166243.6
Puente Piedra,Lima,-3,202509,12.3390255,91853.0,96.49811,12.165885399999999,138917.0
Puente Piedra,Lima,-2,202510,12.811709,104574.0,97.338005,12.393776599999999,139308.4
Puente Piedra,Lima,-1,202511,12.658836,96503.0,97.00278,12.588173000000001,135771.4
Puente Piedra,Lima,0,202512,13.04161,103928.0,97.47865,13.054832399999999,134086.4
Puente Piedra,Lima,1,202601,13.066684,108392.0,97.98821,13.2525486,135513.6
Puente Piedra,Lima,2,202602,13.604299,115176.0,99.14808,13.3611906,130430.4
Puente Piedra,Lima,3,202603,13.431136,122537.0,99.02365,13.1412678,135607.8
Puente Piedra,Lima,4,202604,13.860408,107915.0,99.07777,13.2792304,118395.6
Puente Piedra,Lima,5,202605,13.007663,121217.0,98.93336,13.3575818,129526.4
Punta Negra,Lima,-12,202404,11.839953,17004.0,91.57061,11.6636802,23040.2
Punta Negra,Lima,-11,202405,11.355698,11113.0,91.62767,12.410003800000002,21805.6
Punta Negra,Lima,-10,202406,11.115817,9007.0,87.4028,12.087992,18484.8
Punta Negra,Lima,-9,202407,10.270212,8299.0,80.12026,12.222463600000001,18794.6
Punta Negra,Lima,-8,202408,9.59859,11633.0,90.334656,11.589142,16843.6
Punta Negra,Lima,-7,202409,9.538442,7022.0,86.9241,11.9835696,18768.0
Punta Negra,Lima,-6,202410,11.394876,7005.0,82.86992,11.046629200000002,21756.8
Punta Negra,Lima,-5,202411,10.6945915,7470.0,86.73031,11.490415299999999,21082.8
Punta Negra,Lima,-4,202412,10.210629,5143.0,88.48272,10.3854216,18905.2
Punta Negra,Lima,-3,202501,11.351161,7370.0,83.02528,10.6968684,21061.4
Punta Negra,Lima,-2,202502,11.628479,5826.0,89.98746,11.3361558,18279.0
Punta Negra,Lima,-1,202503,12.23936,12495.0,91.46665,11.388842,17231.2
Punta Negra,Lima,0,202504,11.016806,13116.0,96.11951,12.261717200000001,16271.6
Punta Negra,Lima,1,202505,11.744999,11913.0,96.99751,11.979083999999999,13239.8
Punta Negra,Lima,2,202506,13.318779,10014.0,96.51908,12.6139988,11876.6
Punta Negra,Lima,3,202507,13.191428,8819.0,98.60885,12.102707800000001,14673.4
Punta Negra,Lima,4,202508,11.794946,8117.0,98.40253,12.1651771,15834.8
Punta Negra,Lima,5,202509,13.077458,8118.0,97.35392,13.072012400000002,16230.0
Punta Negra,Lima,6,202510,12.958804,6562.0,97.39336,12.9238978,15547.6
Punta Negra,Lima,7,202511,13.48116,3818.0,96.939384,12.2555708,13175.8
Punta Negra,Lima,8,202512,15.415294,8259.0,95.89554,12.391172999999998,14374.6
Punta Negra,Lima,9,202601,13.755589,10266.0,95.65798,11.6871932,14744.8
Punta Negra,Lima,10,202602,11.603345,9628.0,95.70029,11.4095746,13363.4
Punta Negra,Lima,11,202603,13.954694,8781.0,93.95445,12.430846899999999,12672.4
Punta Negra,Lima,12,202604,16.884764,6873.0,95.87491,12.0135568,12732.6
San Juan De Lurigancho,Lima,-12,202412,11.710612,380828.0,91.7117,10.845589,221505.2
San Juan De Lurigancho,Lima,-11,202501,11.922621,354600.0,91.50274,11.123194,233087.0
San Juan De Lurigancho,Lima,-10,202502,11.602243,316653.0,90.820366,10.7699445,214064.0
San Juan De Lurigancho,Lima,-9,202503,12.233986,378950.0,91.89037,11.1615882,253913.2
San Juan De Lurigancho,Lima,-8,202504,12.25904,380570.0,92.08656,11.155708,247048.8
San Juan De Lurigancho,Lima,-7,202505,12.345034,412689.0,93.120125,11.244060600000001,235321.6
San Juan De Lurigancho,Lima,-6,202506,12.445245,393408.0,92.62704,11.257027,220575.4
San Juan De Lurigancho,Lima,-5,202507,12.667829,414207.0,93.8054,11.607833399999999,218309.0
San Juan De Lurigancho,Lima,-4,202508,12.4999,394715.0,94.55042,11.9759834,227850.6
San Juan De Lurigancho,Lima,-3,202509,12.690415,352872.0,95.51906,12.1102834,194605.0
San Juan De Lurigancho,Lima,-2,202510,13.2051325,352109.0,95.894325,11.9387668,195710.4
San Juan De Lurigancho,Lima,-1,202511,12.751473,331382.0,95.89712,12.098127799999999,185065.0
San Juan De Lurigancho,Lima,0,202512,12.714674,350234.0,95.797874,12.503811599999999,184190.8
San Juan De Lurigancho,Lima,1,202601,12.962142,354185.0,96.653984,12.733460399999998,184618.2
San Juan De Lurigancho,Lima,2,202602,12.794425,326514.0,97.57019,12.8324578,173440.2
San Juan De Lurigancho,Lima,3,202603,12.645661,317983.0,97.615204,12.8550662,186849.4
San Juan De Lurigancho,Lima,4,202604,12.928205,258498.0,97.20646,12.9260934,158114.8
San Juan De Lurigancho,Lima,5,202605,13.332845,253660.0,97.51667,13.0854534,166850.6
San Martin De Porres,Lima,-12,202412,11.022257,271318.0,90.49209,10.975450666666667,282818.6666666667
San Martin De Porres,Lima,-11,202501,11.501289,313075.0,90.3526,11.275063666666666,294918.3333333333
San Martin De Porres,Lima,-10,202502,10.967699,279887.0,90.52797,10.900453166666667,271114.0
San Martin De Porres,Lima,-9,202503,11.721023,302173.0,91.24608,11.071931,319625.6666666667
San Martin De Porres,Lima,-8,202504,12.106983,304633.0,91.69368,11.182933,313941.0
San Martin De Porres,Lima,-7,202505,12.671806,314475.0,93.10811,11.359642000000001,295439.0
San Martin De Porres,Lima,-6,202506,12.750406,281355.0,93.44868,11.488209666666668,280872.0
San Martin De Porres,Lima,-5,202507,12.85539,284746.0,93.469986,11.965677999999999,277252.3333333333
San Martin De Porres,Lima,-4,202508,12.529801,324432.0,94.50055,12.31582,291626.6666666667
San Martin De Porres,Lima,-3,202509,12.8697815,290135.0,94.685745,12.296358333333336,239893.66666666666
San Martin De Porres,Lima,-2,202510,13.037471,278864.0,95.022964,12.436740666666665,241190.0
San Martin De Porres,Lima,-1,202511,13.046813,285675.0,95.825005,12.563574333333333,230980.33333333334
San Martin De Porres,Lima,0,202512,13.162756,275938.0,96.19902,13.141926666666665,235456.0
San Martin De Porres,Lima,1,202601,13.044672,256894.0,97.14644,13.025649999999999,229936.66666666666
San Martin De Porres,Lima,2,202602,13.135483,234214.0,98.43932,12.930841000000001,216511.33333333334
San Martin De Porres,Lima,3,202603,13.293515,287123.0,98.41966,13.103884333333333,235045.33333333334
San Martin De Porres,Lima,4,202604,13.402466,244540.0,98.66371,13.054136999999999,197576.33333333334
San Martin De Porres,Lima,5,202605,13.022157,286187.0,98.06467,13.172640666666666,213675.66666666666
Sayan,Lima,-12,202502,6.837822,9638.0,68.83036,9.35289726,18058.4
Sayan,Lima,-11,202503,7.055687,10528.0,70.98328,8.73892012,20649.6
Sayan,Lima,-10,202504,9.653316,8373.0,58.76642,8.67413736,20154.6
Sayan,Lima,-9,202505,7.610027,7991.0,61.13764,9.355895499999999,19511.6
Sayan,Lima,-8,202506,7.459963,9419.0,64.87454,9.4166124,18583.2
Sayan,Lima,-7,202507,6.808589,6600.0,63.025402,8.72638872,19519.0
Sayan,Lima,-6,202508,8.044084,5815.0,67.992714,9.538265120000002,22101.6
Sayan,Lima,-5,202509,9.269219,7903.0,72.37137,8.543984,15714.4
Sayan,Lima,-4,202510,9.834018,7753.0,72.556786,9.292336,16967.4
Sayan,Lima,-3,202511,8.343919,6507.0,63.75745,9.914292499999998,15916.6
Sayan,Lima,-2,202512,9.654064,4759.0,59.50515,9.562416199999998,16855.2
Sayan,Lima,-1,202601,7.8359013,4309.0,72.538,9.392850719999998,16498.2
Sayan,Lima,0,202602,3.8184574,4153.0,72.51187,10.199519100000002,12392.4
Sayan,Lima,1,202603,6.6473346,7521.0,74.35545,10.112985900000002,16302.8
Sayan,Lima,2,202604,6.895714,7598.0,75.99894,10.0988135,13173.0
Sayan,Lima,3,202605,7.1026883,3295.0,65.10213,10.2968232,12342.4
Ayaviri,Puno,-12,202502,6.806441,49705.0,93.571045,9.8849642,36382.2
Ayaviri,Puno,-11,202503,6.868684,77533.0,90.06147,9.144723,37948.4
Ayaviri,Puno,-10,202504,6.430748,55736.0,88.47034,9.1415396,38981.6
Ayaviri,Puno,-9,202505,7.743689,39596.0,89.713295,9.3490254,36586.8
Ayaviri,Puno,-8,202506,8.002682,40977.0,92.98862,9.2840206,34301.6
Ayaviri,Puno,-7,202507,8.590095,30195.0,87.37833,9.63914108,30569.0
Ayaviri,Puno,-6,202508,9.016258,29615.0,91.91534,9.577927599999999,35357.0
Ayaviri,Puno,-5,202509,9.747738,31407.0,91.68344,9.519142800000001,37126.6
Ayaviri,Puno,-4,202510,9.463584,34238.0,88.452385,9.9162302,35629.4
Ayaviri,Puno,-3,202511,9.394197,37818.0,87.742195,10.0755932,33646.2
Ayaviri,Puno,-2,202512,11.392082,34148.0,96.26421,9.613097800000002,31837.0
Ayaviri,Puno,-1,202601,10.522229,25109.0,97.64384,10.4974564,30029.2
Ayaviri,Puno,0,202602,10.168043,20789.0,97.72914,10.1962767,32800.6
Ayaviri,Puno,1,202603,10.192282,30076.0,94.36063,10.590088,30526.2
Ayaviri,Puno,2,202604,10.342716,16052.0,96.185936,10.749716000000001,28078.0
Ayaviri,Puno,3,202605,10.745554,17378.0,95.25245,10.207277999999999,26184.8
