department,province,district,carrier,breakpoint_yearmonth,months_pre,months_post,pre6_4g_download_mbps,post6_4g_download_mbps,delta_4g_download_mbps,pct_4g_download_upgrade,pre6_4g_upload_mbps,post6_4g_upload_mbps,delta_4g_upload_mbps,pct_4g_upload_upgrade,pre6_4g_latency_ms,post6_4g_latency_ms,delta_4g_latency_ms,pct_4g_latency_improvement,pre6_4g_time_pct,post6_4g_time_pct,delta_4g_time_pp,pre6_4g_packet_loss_pct,post6_4g_packet_loss_pct,delta_4g_packet_loss_pp,pct_4g_packet_loss_improvement,composite_upgrade_score,pre6_4g_download_measurements,post6_4g_download_measurements,pre6_4g_download_mbps_weighted,post6_4g_download_mbps_weighted,delta_4g_download_mbps_weighted,last_yearmonth_available,ubigeo,shape_department,shape_province,shape_district,region3,altitud_m,poblacion_distrito
Ancash,Huaraz,Huaraz,MOVISTAR,202608,43,1,12.595969333333334,12.176307,-0.4196623333333349,-0.03331719236746333,3.8439564999999996,4.0697107,0.22575420000000035,0.05872964483338983,63.75216116666667,64.56329,0.8111288333333277,-0.012563313197535786,96.76801,97.7796,1.0115899999999982,0.7184397183333333,0.64932126,-0.0691184583333333,0.10644724359299951,-0.0008185113417108333,47307.333333333336,49130.0,12.592933855135215,12.176307,-0.416626855135215,202608,020101,ANCASH,HUARAZ,HUARAZ,Sierra,3073,60896
Arequipa,Arequipa,Alto Selva Alegre,MOVISTAR,202410,21,23,9.7304185,11.324420166666668,1.5940016666666672,0.1638163524689782,3.44260285,3.24038155,-0.20222130000000016,-0.05874081583357782,80.06213833333334,62.73093433333333,-17.331204000000007,0.27627842920220513,95.42215083333332,97.25005633333332,1.8279055,0.7951904416666666,0.5466233316666667,-0.24856710999999998,0.4547319801409013,0.15126348317015098,34813.0,41680.666666666664,9.648586436163695,11.368410029446105,1.7198235932824097,202608,040102,AREQUIPA,AREQUIPA,ALTO SELVA ALEGRE,Sierra,2510,85870
Arequipa,Arequipa,Cayma,MOVISTAR,202411,22,22,9.984859,11.345640416666667,1.3607814166666667,0.13628449001299536,2.9847707333333333,3.3123795166666663,0.327608783333333,0.10976011647215067,78.12861916666667,61.916065833333334,-16.212553333333332,0.26184727849108747,96.76073350000001,97.45678166666666,0.6960481666666425,0.9113427083333333,0.6139771333333333,-0.29736557500000005,0.4843267914320806,0.16170004492039664,49935.833333333336,52061.666666666664,9.972784087422193,11.400857217677753,1.4280731302555605,202608,040103,AREQUIPA,AREQUIPA,CAYMA,Sierra,2531,91935
Arequipa,Arequipa,Jacobo Hunter,MOVISTAR,202410,21,23,9.244044749999999,10.061394,0.8173492500000012,0.08841900619314957,2.9341029833333336,2.7750973,-0.15900568333333354,-0.05419226395138066,80.4479675,63.72142450000001,-16.726542999999992,0.26249480659365965,95.86109183333332,97.83098966666667,1.9698978333333486,0.9469650249999999,0.6956240466666667,-0.25134097833333324,0.3613172654650514,0.11388317455622024,29204.666666666668,36424.166666666664,9.265909934351244,10.096436034109681,0.8305260997584369,202608,040107,AREQUIPA,AREQUIPA,JACOBO HUNTER,Sierra,2309,50164
Arequipa,Arequipa,Mariano Melgar,MOVISTAR,202411,22,22,9.7935575,11.282756416666667,1.4891989166666662,0.15205903642947582,3.227813466666667,3.196436866666667,-0.031376599999999755,-0.009720698027944619,78.972289,62.534957,-16.437332000000005,0.26285029667486626,94.6520835,98.44067249999999,3.7885889999999875,0.75883555,0.4931445116666667,-0.26569103833333335,0.538769127603965,0.15769942391651345,34827.333333333336,27112.333333333332,9.817271399748282,11.29089043701206,1.4736190372637772,202608,040109,AREQUIPA,AREQUIPA,MARIANO MELGAR,Sierra,2459,59918
Arequipa,Arequipa,Miraflores,MOVISTAR,202411,22,22,11.5843455,11.827727166666667,0.24338166666666794,0.021009531066443765,3.22142955,3.747218116666667,0.5257885666666673,0.1632159134650848,76.35474233333333,59.967533833333334,-16.3872085,0.27326800774473514,96.20951933333333,97.48066966666666,1.271150333333324,0.5756849633333334,0.4562229866666667,-0.11946197666666669,0.26184997283784384,0.11620242552441618,46821.166666666664,44179.333333333336,11.602068343348984,11.900158141582038,0.2980897982330539,202608,040110,AREQUIPA,AREQUIPA,MIRAFLORES,Sierra,2450,60589
Arequipa,Arequipa,Paucarpata,MOVISTAR,202411,22,22,9.478909166666666,10.119655250000001,0.6407460833333349,0.06759702747090035,3.4191594666666667,3.7462876166666668,0.32712815000000006,0.09567501989572791,78.43511416666666,61.59388716666666,-16.841227000000003,0.273423675216818,94.56112433333332,94.72270583333334,0.16158150000001115,0.8660901016666666,0.5903271366666667,-0.27576296499999986,0.4671358436224351,0.13334514720804558,58099.0,66640.66666666667,9.49506745655691,10.119078372465262,0.624010915908352,202608,040112,AREQUIPA,AREQUIPA,PAUCARPATA,Sierra,2453,131346
Arequipa,Arequipa,Sachaca,MOVISTAR,202410,21,23,9.195857833333333,10.607178499999998,1.411320666666665,0.1534735195177639,2.9009567,2.9424080999999997,0.041451399999999694,0.014288872357177684,78.60741483333334,62.29967716666667,-16.307737666666668,0.2617627957050168,93.95327816666668,97.33045983333334,3.377181666666658,0.8063779216666666,0.6733274216666666,-0.13305049999999996,0.19760148735761307,0.14391928445481705,16266.833333333334,11908.5,9.269390381092407,10.587479556297323,1.318089175204916,202608,040117,AREQUIPA,AREQUIPA,SACHACA,Sierra,2300,24225
Arequipa,Arequipa,Socabaya,MOVISTAR,202410,21,23,11.173927583333333,10.033349666666666,-1.1405779166666665,-0.10207493364892717,3.159668033333334,2.7168801000000005,-0.44278793333333333,-0.1401374855402795,79.85934,63.287896999999994,-16.57144300000001,0.26184221289577714,96.25646833333333,97.6973675,1.440899166666668,1.0054090666666669,0.699429,-0.3059800666666669,0.4374712324863095,0.027644867307646967,30803.5,35759.333333333336,11.31004387895856,10.092019218861276,-1.2180246600972833,202608,040122,AREQUIPA,AREQUIPA,SOCABAYA,Sierra,2352,75351
Arequipa,Arequipa,Tiabaya,MOVISTAR,202410,21,23,8.894516,10.487080166666667,1.5925641666666674,0.17905012107085616,3.3701685833333332,2.584116116666667,-0.7860524666666664,-0.2332383224251664,81.27061250000001,62.07049116666667,-19.200121333333342,0.3093276849022948,93.71401166666668,91.52014666666666,-2.1938650000000166,0.7576689183333333,0.551077535,-0.20659138333333327,0.3748862368946564,0.129419735634874,13106.5,12235.0,8.89625120410992,10.484668940893613,1.5884177367836934,202608,040123,AREQUIPA,AREQUIPA,TIABAYA,Costa,2218,16191
Arequipa,Arequipa,Yanahuara,MOVISTAR,202410,21,23,12.855279416666669,12.90593375,0.050654333333332247,0.003940352573562844,3.3324952333333333,3.0225589999999998,-0.30993623333333353,-0.09300425405959822,77.90437433333334,61.82515833333333,-16.07921600000001,0.26007561377050004,97.91735899999999,95.03151516666668,-2.885843833333311,0.7343140933333334,0.5024091249999999,-0.23190496833333352,0.4615859004020548,0.07139493563321318,18157.333333333332,18055.166666666668,12.809018026077618,12.909991636498324,0.10097361042070574,202608,040126,AREQUIPA,AREQUIPA,YANAHUARA,Sierra,2402,25417
Arequipa,Arequipa,Jose Luis Bustamante Y Rivero,MOVISTAR,202411,22,22,9.836228,10.856661166666667,1.0204331666666668,0.10374232547950979,3.4286923833333334,3.0561294166666664,-0.372562966666667,-0.10866036523943445,78.461161,61.78535366666667,-16.67580733333333,0.2698990350253505,95.87051816666667,97.393695,1.5231768333333235,0.7527359566666666,0.5384806433333333,-0.21425531333333325,0.3978886074846404,0.11485182978645839,72732.83333333333,74655.5,9.867205974805051,10.85434390716022,0.9871379323551697,202608,040129,AREQUIPA,AREQUIPA,JOSE LUIS BUSTAMANTE Y RIVERO,Sierra,2389,81829
Arequipa,Castilla,Orcopampa,MOVISTAR,202608,43,1,9.790522583333333,9.764385,-0.02613758333333216,-0.002669682145243879,3.0636543999999994,4.2461495,1.1824951000000001,0.38597535675042205,62.46462233333333,60.887287,-1.5773353333333304,0.025905823876392065,89.34317516666668,95.0241,5.6809248333333215,1.0181530166666668,0.8046988,-0.21345421666666675,0.265259767588403,0.08508926225298391,10311.333333333334,7566.0,9.890204529538696,9.764385000000003,-0.1258195295386937,202608,040409,AREQUIPA,CASTILLA,ORCOPAMPA,Sierra,3818,8177
Ayacucho,Huamanga,Carmen Alto,MOVISTAR,202505,28,16,9.471561000000001,11.225062916666667,1.753501916666666,0.1851333604531149,3.2046724,3.8490333500000005,0.6443609500000003,0.20106921069373596,63.640381,60.53386366666667,-3.106517333333329,0.05131866933919094,96.46661333333333,97.72900833333334,1.2623950000000121,1.2940526333333333,1.1185480749999999,-0.17550455833333345,0.15690390270738552,0.12678218075547337,9458.5,8949.666666666666,9.626983440556115,11.40601338061939,1.7790299400632748,202608,050104,AYACUCHO,HUAMANGA,CARMEN ALTO,Sierra,2921,28252
Cajamarca,Hualgayoc,Bambamarca,MOVISTAR,202607,42,2,10.811283833333333,12.161187,1.3499031666666674,0.12486057969402742,3.0455572833333338,2.6216543,-0.42390298333333387,-0.13918732891780516,60.01720316666667,60.847352,0.8301488333333324,-0.013643138214680772,84.21866666666666,84.469352,0.25068533333333676,0.8551769199999999,0.9741333000000001,0.1189563800000002,-0.12211509451529912,0.01992562126050505,18647.5,13817.5,10.789876814202083,12.548252275918221,1.7583754617161382,202608,060701,CAJAMARCA,HUALGAYOC,BAMBAMARCA,Sierra,2556,59913
Callao,Callao,Callao,MOVISTAR,202605,40,4,13.327324833333334,13.428265,0.10094016666666583,0.0075739255948952255,2.877716916666667,3.3115560749999995,0.43383915833333253,0.15075810821443114,49.133410833333336,50.700353,1.5669421666666636,-0.030905941950082005,96.19674583333334,97.65329625000001,1.4565504166666727,0.5438798616666667,0.477475455,-0.0664044066666667,0.13907396908322056,0.027055325061763297,257052.0,248770.25,13.32059287988552,13.426768562207497,0.10617568232197705,202608,070101,CALLAO,CALLAO,CALLAO,Costa,27,451260
Callao,Callao,Bellavista,MOVISTAR,202605,40,4,12.880298166666668,13.91044275,1.0301445833333318,0.07997831804851185,2.7367940833333333,2.8185709,0.08177681666666681,0.02988051500281852,52.12063683333333,52.09551825,-0.025118583333330946,0.00048216399753986394,97.16137666666664,97.032896,-0.12848066666664693,0.72333881,0.6096374849999999,-0.11370132500000008,0.18650645309318548,0.045726547123871794,46037.666666666664,53015.25,12.87904435470231,13.925098318964828,1.0460539642625175,202608,070102,CALLAO,CALLAO,BELLAVISTA,Costa,13,74851
Callao,Callao,La Perla,MOVISTAR,202602,37,7,13.285471666666666,14.76204225,1.4765705833333342,0.11114175095778189,3.3372604666666668,3.0745732833333332,-0.2626871833333335,-0.07871341957186562,51.085605333333326,48.26503533333334,-2.8205699999999894,0.05843919890496818,97.12484666666667,98.72599733333334,1.601150666666669,0.36531981166666666,0.35225646,-0.013063351666666667,0.03708477529884524,0.05151545193851723,37284.833333333336,31688.833333333332,13.304467497637555,14.73779098973087,1.433323492093315,202608,070104,CALLAO,CALLAO,LA PERLA,Costa,37,61417
Cusco,Cusco,Cusco,MOVISTAR,202509,32,12,8.325551416666668,11.494709916666666,3.169158499999998,0.38065448657920187,2.295560183333333,2.788672233333333,0.49311205000000013,0.21481120537818477,70.67241916666667,66.59568666666667,-4.076732500000006,0.06121616435018362,89.81116566666667,93.53187866666667,3.7207130000000035,1.3832194166666667,1.6693697500000002,0.2861503333333335,-0.17141219513132633,0.19679797626938808,57674.0,42626.5,8.374681415968778,11.525023170289217,3.150341754320438,202608,080101,CUSCO,CUSCO,CUSCO,Sierra,3439,114630
Cusco,Cusco,San Jeronimo,MOVISTAR,202509,32,12,8.762957766666666,12.226203416666666,3.4632456499999993,0.39521423498967523,2.7443106,3.1673788666666667,0.42306826666666675,0.1541619475093916,68.06729583333335,61.56959516666666,-6.497700666666688,0.10553424379480902,94.28156833333333,96.3573215,2.075753166666672,0.8094351966666666,0.9918668816666667,0.18243168500000007,-0.18392758985303959,0.20151079732832913,36490.833333333336,30584.666666666668,8.755244932140036,12.250490673698147,3.4952457415581115,202608,080104,CUSCO,CUSCO,SAN JERONIMO,Sierra,3289,57075
Cusco,Cusco,San Sebastian,MOVISTAR,202509,32,12,9.034160000000002,11.292797166666665,2.258637166666663,0.2500107554732993,2.6699845,3.2647733,0.5947887999999999,0.2227686340501227,71.49519,65.46899733333333,-6.02619266666666,0.09204650921999757,89.00518266666667,93.68066733333335,4.6754846666666765,1.3384441166666667,1.5504262166666667,0.21198209999999995,-0.13672504871321778,0.15660819916617666,32926.5,24614.833333333332,9.049178334532973,11.371843533018708,2.322665198485735,202608,080105,CUSCO,CUSCO,SAN SEBASTIAN,Sierra,3578,112536
Cusco,Cusco,Santiago,MOVISTAR,202509,32,12,7.7028014833333325,10.441906666666666,2.7391051833333337,0.3555985688142136,2.541858116666667,2.644728,0.10286988333333325,0.040470348308911275,69.79992499999999,66.45418333333333,-3.3457416666666546,0.05034659217591253,90.55000683333333,94.61098766666667,4.060980833333346,0.9632640816666665,1.277456521666667,0.31419244000000035,-0.24595157226179487,0.1546905204529105,45814.666666666664,36775.166666666664,7.694016769898649,10.567942216477606,2.8739254465789568,202608,080106,CUSCO,CUSCO,SANTIAGO,Sierra,3464,94756
Cusco,Cusco,Wanchaq,MOVISTAR,202509,32,12,9.495076833333332,11.983264833333335,2.4881880000000027,0.26205032815163665,2.5184751999999997,2.9991228999999997,0.4806477,0.1908486928916353,69.54679750000001,66.0671905,-3.4796070000000157,0.0526677004677536,93.02603833333335,94.74851666666666,1.7224783333333136,1.2037879833333334,1.1563788566666668,-0.04740912666666652,0.04099791897209726,0.15124797375994317,44226.0,38161.0,9.440375844797178,12.045157305425258,2.6047814606280806,202608,080108,CUSCO,CUSCO,WANCHAQ,Sierra,3424,58541
Cusco,Acomayo,Pomacanchi,MOVISTAR,202512,31,4,8.545895433333333,14.594633125000001,6.048737691666668,0.7077944890448247,0.0,0.0,0.0,,62.016952833333335,67.105341,5.088388166666661,-0.07582687295585999,66.94073116666667,97.774874,30.83414283333333,0.21681901666666667,0.40752220499999997,0.1907031883333333,-0.46795778486066375,0.3376640028069784,1181.3333333333333,2462.75,8.934827758239278,14.397854887980918,5.46302712974164,202608,080205,CUSCO,ACOMAYO,POMACANCHI,Sierra,3708,7206
Ica,Ica,Ica,MOVISTAR,202510,33,11,10.621536166666667,11.624691416666666,1.003155249999999,0.09444540170641025,2.695556033333333,2.791274733333333,0.09571870000000038,0.035509816459513344,56.27145466666666,52.36071383333334,-3.910740833333321,0.07468845527548384,95.65063833333333,96.80828233333335,1.157644000000019,0.44377301500000005,0.4730598,0.029286784999999926,-0.06190926601668523,0.060417749669527836,167412.16666666666,156009.33333333334,10.624404423617161,11.641820359245601,1.0174159356284402,202608,110101,ICA,ICA,ICA,Costa,432,150280
Ica,Ica,La Tinguiña,MOVISTAR,202508,31,13,8.526984916666665,10.608572833333334,2.0815879166666686,0.2441176965844094,3.491464433333333,2.7521827,-0.7392817333333328,-0.2117397291163392,58.12345833333333,52.29942366666666,-5.82403466666667,0.11135944257792363,95.85774683333334,97.19305816666666,1.3353113333333226,0.7338786933333333,0.5818453166666667,-0.1520333766666666,0.2612951798557914,0.10879370590358334,18645.166666666668,21475.833333333332,8.482564055282424,10.669076567319856,2.1865125120374316,202608,110102,ICA,ICA,LA TINGUIÑA,Costa,463,39574
Ica,Ica,Parcona,MOVISTAR,202510,33,11,9.188868666666666,10.698820583333335,1.5099519166666688,0.16432402850028072,3.390426533333333,2.9396233166666668,-0.45080321666666645,-0.1329635702866726,61.162147499999996,56.3536755,-4.808471999999995,0.08532667935740945,96.03978433333334,97.62737733333334,1.5875929999999983,0.45847162,0.53444993,0.07597830999999994,-0.142161698851752,0.06239005025387615,32609.666666666668,34597.0,9.203648676087866,10.745822248415084,1.5421735723272185,202608,110106,ICA,ICA,PARCONA,Costa,472,54047
Ica,Ica,Subtanjalla,MOVISTAR,202507,30,14,8.429923066666667,11.484229083333334,3.0543060166666667,0.36231718753684783,3.1199703166666666,2.8752662333333334,-0.24470408333333316,-0.07843154212914805,59.40997099999999,53.32847666666667,-6.081494333333325,0.11403840337210691,88.67585883333334,91.4686875,2.792828666666665,0.7101478,0.6290980883333334,-0.08104971166666664,0.12883477659484122,0.17230272636813573,12683.0,10392.666666666666,8.591393428891694,12.029606173030663,3.438212744138969,202608,110112,ICA,ICA,SUBTANJALLA,Costa,445,27387
Ica,Chincha,Chincha Alta,MOVISTAR,202406,17,27,11.399142,12.084174666666664,0.6850326666666646,0.060095107742904164,2.9960883000000003,3.928726483333333,0.9326381833333328,0.3112852793201497,74.92816066666667,84.25996666666667,9.331806,-0.11075017436117351,96.24883266666666,98.206494,1.9576613333333484,0.556994215,0.4282286833333333,-0.1287655316666667,0.30069338341457064,0.0610144525756193,111478.0,111747.66666666667,11.407986175906158,12.089735711013352,0.681749535107194,202608,110201,ICA,CHINCHA,CHINCHA ALTA,Costa,140,66349
Ica,Chincha,Alto Laran,MOVISTAR,202406,17,27,10.021989833333334,11.224286333333334,1.2022964999999992,0.11996584710165425,2.8874786666666665,3.2611276,0.3736489333333335,0.12940318404661233,77.04205666666667,86.58834516666667,9.546288500000003,-0.11024911587841468,89.82243483333333,93.76296166666667,3.9405268333333368,0.6828441550000001,0.5040164450000001,-0.17882770999999997,0.35480530798950416,0.0634855931275251,16628.5,19839.666666666668,10.01664348503072,11.250045703414036,1.2334022183833167,202608,110202,ICA,CHINCHA,ALTO LARAN,Costa,156,7783
Ica,Chincha,Chincha Baja,MOVISTAR,202406,17,27,10.00908875,10.992088333333333,0.9829995833333331,0.09821069708601926,3.64915555,3.4261737166666664,-0.22298183333333377,-0.0611050502720647,78.14256833333333,87.75346250000001,9.610894166666682,-0.10952153787284102,88.86446083333334,92.6710115,3.8065506666666664,1.0236023516666666,0.8099837833333333,-0.21361856833333326,0.2637319076367515,0.02163455820722532,11855.666666666666,18475.5,10.111905074690021,10.96300917690094,0.8511041022109183,202608,110204,ICA,CHINCHA,CHINCHA BAJA,Costa,44,13009
Ica,Chincha,El Carmen,MOVISTAR,202406,17,27,11.546361166666665,13.168057750000001,1.6216965833333354,0.1404508797122188,2.575787116666667,2.0534870166666668,-0.5223001000000003,-0.20277300737333848,75.20956249999999,87.477661,12.268098500000008,-0.14024264434779532,90.31981750000001,85.44532499999998,-4.874492500000031,0.6022219766666667,0.45825439166666665,-0.143967585,0.3141652052179824,-0.0008997387971629994,15230.333333333334,11170.5,11.564420352399814,13.469807577100397,1.9053872247005827,202608,110205,ICA,CHINCHA,EL CARMEN,Costa,160,12369
Ica,Chincha,Pueblo Nuevo,MOVISTAR,202406,17,27,10.356843666666668,10.706406999999999,0.34956333333333056,0.0337519175324037,3.3656810000000004,3.6328552166666666,0.2671742166666662,0.07938191904303049,75.47131766666666,84.54475749999999,9.073439833333325,-0.10732114091560707,95.66406899999998,97.00724266666667,1.3431736666666865,0.53864829,0.432815565,-0.10583272500000002,0.2445215319370504,0.012818606737366836,54922.833333333336,43425.333333333336,10.37329051361759,10.734865106899965,0.3615745932823753,202608,110207,ICA,CHINCHA,PUEBLO NUEVO,Costa,146,62604
Ica,Chincha,Sunampe,MOVISTAR,202405,16,28,11.976406666666668,12.109427666666667,0.1330209999999994,0.011106920773676698,3.6512733,3.7206608333333335,0.06938753333333336,0.01900365369344814,72.27534100000001,83.06518799999999,10.78984699999998,-0.12989613651389054,95.82054333333332,97.65925016666667,1.8387068333333474,0.5491254133333334,0.34092944499999994,-0.20819596833333348,0.6106717134195714,0.008110928155993857,47746.0,40675.166666666664,12.017000531719933,12.145592697690239,0.12859216597030532,202608,110210,ICA,CHINCHA,SUNAMPE,Costa,94,29079
Junin,Huancayo,Huancayo,MOVISTAR,202501,24,20,8.915837833333333,10.321927666666667,1.4060898333333345,0.15770697713639836,3.0452356333333337,3.119348783333333,0.07411314999999918,0.02433741060585004,68.731129,57.21983216666667,-11.511296833333326,0.2011766969152211,95.62662166666667,96.79002166666668,1.16340000000001,0.6619327733333333,0.4274653400000001,-0.23446743333333325,0.5485063030685322,0.14619799182766877,192784.0,170906.5,8.909351386338251,10.309435289344368,1.4000839030061165,202608,120101,JUNIN,HUANCAYO,HUANCAYO,Sierra,3294,119993
Junin,Huancayo,Chilca,MOVISTAR,202501,24,20,7.4819576,8.4890329,1.0070752999999995,0.13460050882940044,2.8400245833333333,2.986250216666667,0.1462256333333336,0.05148745338031846,71.00034566666666,60.41371066666667,-10.586634999999994,0.17523563580479062,90.913341,94.58410833333333,3.6707673333333304,1.0079748566666666,0.7325571883333333,-0.27541766833333337,0.37596746400092784,0.129676754690052,60643.833333333336,60314.0,7.481087317891074,8.518574294872943,1.037486976981869,202608,120107,JUNIN,HUANCAYO,CHILCA,Sierra,3273,91851
Junin,Huancayo,El Tambo,MOVISTAR,202501,24,20,9.784827083333333,10.857101833333333,1.07227475,0.1095854572459869,3.091411566666667,3.070485533333333,-0.02092603333333365,-0.006769086833655513,68.1697405,57.284059500000005,-10.885680999999998,0.1900298459120202,95.1164015,96.305895,1.1894935000000117,0.6366962933333333,0.33487020500000003,-0.3018260883333333,0.9013226134386405,0.13717665227328352,203384.66666666666,228003.16666666666,9.795991987615421,10.86942884578211,1.0734368581666889,202608,120114,JUNIN,HUANCAYO,EL TAMBO,Sierra,3305,166359
Junin,Huancayo,Pilcomayo,MOVISTAR,202501,24,20,7.782396366666666,8.693143333333333,0.9107469666666672,0.11702654603504281,3.1047868333333333,2.6999480333333334,-0.40483879999999983,-0.13039181809636846,69.88353283333333,59.892320500000004,-9.99121233333333,0.16681958972241406,94.11217333333333,95.84262183333334,1.7304485000000085,0.8612200400000001,0.6382506583333333,-0.2229693816666668,0.3493445384747549,0.08901964280390312,20408.0,15911.5,7.90062259789135,8.711055381977395,0.8104327840860455,202608,120125,JUNIN,HUANCAYO,PILCOMAYO,Sierra,3244,20055
Junin,Huancayo,San Agustin,MOVISTAR,202412,23,21,9.238827833333334,8.720551016666667,-0.5182768166666669,-0.05609768100632251,3.5955737000000005,3.2962461500000004,-0.2993275500000001,-0.08324889849984163,69.54132633333333,56.569876666666666,-12.971449666666665,0.2292995924862955,95.32714566666665,97.09711666666665,1.7699709999999982,0.751760535,0.4942571216666667,-0.25750341333333326,0.5209908002236068,0.051102987455248966,27415.333333333332,22586.833333333332,9.21906003358826,8.663764572647782,-0.5552954609404779,202608,120129,JUNIN,HUANCAYO,SAN AGUSTIN,Sierra,3297,15281
La Libertad,Trujillo,Trujillo,MOVISTAR,202412,23,21,11.381563666666667,12.651016166666665,1.269452499999998,0.11153586072868538,3.1702970166666664,2.9221693833333333,-0.2481276333333331,-0.0782663681127963,70.76548633333333,56.54691016666667,-14.218576166666658,0.25144744646097816,94.29506766666668,96.46816833333332,2.1731006666666417,0.5213274533333334,0.31164365,-0.20968380333333342,0.6728319455035694,0.13263749896497767,315122.5,292606.8333333333,11.389958958428338,12.688019900471112,1.298060942042774,202608,130101,LA LIBERTAD,TRUJILLO,TRUJILLO,Costa,74,314939
La Libertad,Trujillo,El Porvenir,MOVISTAR,202412,23,21,9.800980166666667,9.6190965,-0.18188366666666766,-0.018557701737348498,3.0127055666666664,3.1571757999999996,0.1444702333333332,0.047953651671702735,72.4551675,60.15404183333334,-12.301125666666664,0.20449375123867752,91.56085666666667,92.80525416666667,1.2443975000000052,0.9052724150000001,0.7270733100000001,-0.17819910500000002,0.24509097301343652,0.06501454976615723,65724.0,48945.833333333336,9.863235304784656,9.713417538091427,-0.14981776669322855,202608,130102,LA LIBERTAD,TRUJILLO,EL PORVENIR,Costa,92,190461
La Libertad,Trujillo,La Esperanza,MOVISTAR,202412,23,21,9.528016,10.45188875,0.923872750000001,0.09696381177361602,2.8360402333333337,2.7602165500000004,-0.07582368333333322,-0.026735757286564965,72.04255683333334,56.668988500000005,-15.373568333333331,0.27128714911389906,94.0975125,94.82110999999999,0.7235974999999968,0.877415155,0.5158025283333334,-0.3616126266666666,0.7010679607079733,0.1387357426803351,78342.5,70982.0,9.549693665409366,10.529590276626468,0.9798966112171019,202608,130105,LA LIBERTAD,TRUJILLO,LA ESPERANZA,Costa,137,189206
La Libertad,Trujillo,Moche,MOVISTAR,202412,23,21,11.023053000000003,11.632213833333333,0.6091608333333305,0.05526244256771062,2.4001724833333338,2.983902066666667,0.5837295833333331,0.24320318118248552,69.21733516666666,57.37009666666666,-11.847238499999996,0.20650546518746782,95.41646916666666,96.90254499999999,1.4860758333333308,0.4289322399999999,0.32075053666666664,-0.10818170333333327,0.3372767648577899,0.12930477249421352,27836.0,25439.166666666668,11.076013636088758,11.593282127008877,0.5172684909201184,202608,130107,LA LIBERTAD,TRUJILLO,MOCHE,Costa,25,37436
La Libertad,Trujillo,Victor Larco Herrera,MOVISTAR,202412,23,21,11.031788,12.700503750000001,1.6687157500000005,0.15126430547795167,2.7063642,2.850323733333333,0.14395953333333322,0.0531929639526465,70.26545183333333,55.95097683333333,-14.314475000000002,0.2558395904800721,93.5525115,97.14465416666667,3.5921426666666747,0.4409198316666667,0.30069526500000004,-0.14022456666666666,0.46633446877411466,0.1611495018428014,47157.333333333336,42457.666666666664,11.03413355214106,12.74304822584653,1.7089146737054701,202608,130111,LA LIBERTAD,TRUJILLO,VICTOR LARCO HERRERA,Costa,24,68506
La Libertad,Pacasmayo,Pacasmayo,MOVISTAR,202608,43,1,11.823669,11.713076,-0.1105930000000015,-0.009353526388467204,2.9105830833333335,2.4020922,-0.5084908833333337,-0.1747041293014685,54.92174,53.5628,-1.358939999999997,0.02537096641699077,98.028621,98.24963,0.22100899999999513,0.42001494999999994,0.41881698,-0.0011979699999999371,0.002860366358593991,-0.023129756528429777,19153.5,21976.0,11.834477417808754,11.713076,-0.12140141780875524,202608,130704,LA LIBERTAD,PACASMAYO,PACASMAYO,Costa,21,28959
Lambayeque,Chiclayo,Chiclayo,MOVISTAR,202412,23,21,10.334399666666666,10.62674,0.29234033333333365,0.02828808085255985,3.2220263,3.2313109333333334,0.009284633333333403,0.0028816131430502434,72.92202233333335,59.95955283333333,-12.962469500000012,0.21618689412229553,95.60721683333333,96.45446,0.8472431666666722,0.5633057816666666,0.41665304666666664,-0.14665273499999992,0.35197806945913435,0.08466396606601208,170940.66666666666,171655.0,10.314231349628136,10.602468727741691,0.2882373781135552,202608,140101,LAMBAYEQUE,CHICLAYO,CHICLAYO,Costa,28,270496
Lambayeque,Chiclayo,Jose Leonardo Ortiz,MOVISTAR,202412,23,21,10.779250666666668,10.950724666666666,0.17147399999999813,0.015907784808294467,3.3517982666666666,3.001701983333333,-0.3500962833333334,-0.1044502847367067,72.594467,59.55333383333333,-13.041133166666661,0.21898242008018776,95.70033916666667,95.77688433333333,0.07654516666666211,0.4276044833333333,0.4201930983333333,-0.0074113849999999926,0.017638045530487645,0.0464378962593831,67841.83333333333,62287.666666666664,10.775175320517578,10.972863756230502,0.19768843571292471,202608,140105,LAMBAYEQUE,CHICLAYO,JOSE LEONARDO ORTIZ,Costa,41,156498
Lambayeque,Chiclayo,La Victoria,MOVISTAR,202412,23,21,10.459262833333334,9.692678666666666,-0.766584166666668,-0.07329237049322335,3.051994166666667,2.6722156,-0.3797785666666669,-0.12443620332389238,71.95770666666667,58.939156833333335,-13.018549833333331,0.2208811685268397,96.5446985,97.212015,0.6673164999999983,0.48018911833333333,0.41376725833333333,-0.06642186,0.16052952151784372,0.01626536426172891,44438.0,42782.666666666664,10.4829497589638,9.691744435577492,-0.7912053233863077,202608,140106,LAMBAYEQUE,CHICLAYO,LA VICTORIA,Costa,36,90912
Lambayeque,Chiclayo,Pimentel,MOVISTAR,202412,23,21,9.902416833333334,10.110418833333334,0.20800200000000046,0.021005175150760058,2.69055975,2.6998088999999994,0.009249149999999595,0.0034376304038590266,74.62515733333335,60.88865983333333,-13.73649750000002,0.22560026017324186,95.9060465,96.036875,0.1308284999999927,0.6982460383333334,0.492474465,-0.20577157333333346,0.4178319648173707,0.08640562065506188,47455.333333333336,51927.166666666664,9.948353045902815,10.121262454062261,0.17290940815944644,202608,140112,LAMBAYEQUE,CHICLAYO,PIMENTEL,Costa,22,44602
Lima,Lima,Lima,MOVISTAR,202605,40,4,12.819489333333335,13.030495250000001,0.21100591666666624,0.016459775516799002,3.1996869666666665,3.0463958250000003,-0.15329114166666624,-0.04790816828758726,51.05605350000001,51.92037175,0.8643182499999895,-0.01664699656161439,96.08362249999999,96.80342350000001,0.7198010000000181,0.7516687916666666,0.61523106,-0.1364377316666665,0.22176665083629965,0.007403969864992925,289760.3333333333,311790.5,12.817208636588745,13.041736993668025,0.22452835707927932,202608,150101,LIMA,LIMA,LIMA,Costa,162,268352
Lima,Lima,Barranco,MOVISTAR,202511,34,10,13.206799333333334,14.390050416666668,1.1832510833333334,0.08959408358290588,3.473421633333333,3.1704381999999995,-0.30298343333333344,-0.08722909721805638,53.84529116666667,46.88276716666667,-6.962524000000002,0.14850923741869715,96.89310683333333,97.49971333333333,0.606606499999998,0.29537298333333334,0.3373172283333333,0.041944244999999936,-0.12434658379960084,0.054573158765148136,35413.833333333336,27098.833333333332,13.105626901945095,14.392235260823036,1.28660835887794,202608,150104,LIMA,LIMA,BARRANCO,Costa,97,34378
Lima,Lima,Breña,MOVISTAR,202512,35,9,12.684490333333331,13.4614495,0.7769591666666695,0.061252690983169655,2.791607966666666,2.9876970833333325,0.19608911666666629,0.07024235458849448,51.35848116666667,49.178674,-2.17980716666667,0.04432423628718962,97.44947483333334,98.17626233333334,0.7267875000000004,0.57505825,0.686471575,0.11141332500000001,-0.16229852634466335,0.039093743586106275,68975.16666666667,55497.0,12.662358368270223,13.473641689908161,0.8112833216379389,202608,150105,LIMA,LIMA,BREÑA,Costa,153,85309
Lima,Lima,Carabayllo,MOVISTAR,202512,35,9,13.384182166666667,13.852829333333332,0.46864716666666517,0.03501500209955544,3.7579709999999995,3.3316181833333336,-0.4263528166666659,-0.113452928898777,48.05526366666666,45.0816915,-2.9735721666666635,0.06595964054868397,96.87598583333333,98.86632666666667,1.9903408333333346,0.4890367850000001,0.47473708833333333,-0.01429969666666675,0.03012129664625296,0.01796954772448927,153186.5,141854.16666666666,13.40549764233032,13.904420114382727,0.49892247205240814,202608,150106,LIMA,LIMA,CARABAYLLO,Costa,238,333045
Lima,Lima,Chaclacayo,MOVISTAR,202606,41,3,12.108932333333334,12.870842333333334,0.7619100000000003,0.0629213194876499,2.628649033333333,3.1720524,0.5434033666666669,0.20672343845674557,47.549917,49.67692266666666,2.127005666666662,-0.04281677592911548,78.88767666666668,83.44927,4.56159333333332,0.5270431633333333,0.6388917566666668,0.11184859333333341,-0.17506657765767497,0.04356191069840916,13897.0,14536.333333333334,12.147837069355496,12.87929019658786,0.7314531272323634,202608,150107,LIMA,LIMA,CHACLACAYO,Costa,685,42912
Lima,Lima,Independencia,MOVISTAR,202512,35,9,12.281675833333333,12.819494249999998,0.5378184166666653,0.04379031200343109,3.2208828166666663,3.0592299,-0.16165291666666626,-0.0501890089978384,51.897371166666666,48.71210033333333,-3.185270833333334,0.06538972476113236,94.90482333333334,97.63356066666667,2.728737333333328,0.861433255,0.7444684166666667,-0.11696483833333327,0.1571118877776434,0.03828390503086193,98229.5,76975.5,12.271316714447629,12.83531560017473,0.5639988857271021,202608,150112,LIMA,LIMA,INDEPENDENCIA,Costa,111,211360
Lima,Lima,Jesus Maria,MOVISTAR,202605,40,4,13.301797666666666,14.241881500000002,0.9400838333333361,0.07067344255950592,2.824535583333333,3.285852825,0.4613172416666669,0.16332498850032207,49.32008716666666,50.0458515,0.7257643333333377,-0.014501987908694836,96.397155,95.62025375,-0.7769012499999945,0.7267981199999999,0.5118522075,-0.21494591249999984,0.4199374533321707,0.06897414911328552,118798.66666666667,127780.75,13.293254039938722,14.26195108419891,0.968697044260189,202608,150113,LIMA,LIMA,JESUS MARIA,Costa,142,75359
Lima,Lima,La Victoria,MOVISTAR,202604,39,5,12.121494333333333,12.7932428,0.6717484666666671,0.05541795823138762,2.8000942666666666,3.1561187399999997,0.3560244733333331,0.12714731699270887,52.06586766666666,52.299552399999996,0.23368473333333384,-0.00446819757741046,96.467664,97.51467519999999,1.0470111999999858,0.7938872466666668,0.617518968,-0.17636827866666682,0.28560787248022934,0.05597314187112021,159009.5,159351.8,12.126827306464918,12.828954910602828,0.7021276041379103,202608,150115,LIMA,LIMA,LA VICTORIA,Costa,142,173630
Lima,Lima,Lince,MOVISTAR,202604,39,5,14.8882805,13.949509599999999,-0.9387709000000015,-0.06305435338889553,3.475436866666666,3.3763199200000003,-0.09911694666666593,-0.02851927699142187,48.974009333333335,49.082558199999994,0.1085488666666592,-0.002211556826853811,96.24519083333333,95.153064,-1.0921268333333245,0.471474055,0.575685452,0.10421139699999998,-0.18102141827269935,-0.0407417832746199,62629.833333333336,49731.6,14.92631621374265,13.990697373633665,-0.9356188401089849,202608,150116,LIMA,LIMA,LINCE,Costa,150,54711
Lima,Lima,Los Olivos,MOVISTAR,202512,35,9,13.149542833333333,13.6276235,0.47808066666666704,0.03635720821067334,3.1477227666666665,3.357823783333334,0.21010101666666747,0.06674698893167053,49.8679615,47.356411,-2.5115504999999985,0.05303506847256645,96.22876066666667,98.22468333333335,1.9959226666666723,0.5827119866666667,0.38688648333333325,-0.19582550333333343,0.5061575210540874,0.06611545879486591,165156.16666666666,152400.33333333334,13.119840200229683,13.64373383053624,0.5238936303065564,202608,150117,LIMA,LIMA,LOS OLIVOS,Costa,67,325884
Lima,Lima,Magdalena Del Mar,MOVISTAR,202605,40,4,13.182830333333333,13.693947,0.5111166666666662,0.038771390797186056,2.6244201,3.2396294500000002,0.6152093500000002,0.23441725278662529,49.337453333333336,51.064015999999995,1.7265626666666591,-0.03381172892211726,86.459279,94.182655,7.723376000000002,0.5624772166666666,0.5656457874999999,0.0031685708333333285,-0.005601687316257653,0.053523191640526026,33750.166666666664,42541.5,13.207413549404695,13.697990330130578,0.49057678072588295,202608,150120,LIMA,LIMA,MAGDALENA DEL MAR,Costa,90,60290
Lima,Lima,Puente Piedra,MOVISTAR,202512,35,9,12.369981083333334,13.335299999999998,0.9653189166666643,0.07803721850207879,2.9603677666666663,3.1431044666666668,0.18273670000000042,0.0617277022326721,52.666148333333325,49.65699899999999,-3.0091493333333332,0.0605986949258317,96.09226316666667,98.60828666666667,2.516023500000003,0.8885778683333333,0.7057442666666666,-0.18283360166666673,0.2590649478885838,0.07235099911161945,119452.66666666667,113194.16666666667,12.335660447335487,13.335357571510606,0.9996971241751194,202608,150125,LIMA,LIMA,PUENTE PIEDRA,Costa,50,329675
Lima,Lima,Punta Negra,MOVISTAR,202504,27,17,11.253182749999999,12.357402666666667,1.1042199166666684,0.09812512079452973,3.8883354833333335,3.619099,-0.2692364833333336,-0.06924209201787457,56.27126566666667,48.36061883333334,-7.910646833333331,0.16357621188835547,87.09372333333333,97.33356666666668,10.239843333333354,0.41907039166666665,0.38094369166666664,-0.03812670000000001,0.10008487037334013,0.09012179600588661,7551.5,10016.166666666666,11.400811058641773,12.247307482020732,0.8464964233789587,202608,150127,LIMA,LIMA,PUNTA NEGRA,Costa,42,7074
Lima,Lima,Rimac,MOVISTAR,202605,40,4,12.270291166666667,12.821674999999999,0.5513838333333325,0.04493649138752431,2.9153117833333333,3.1334483,0.21813651666666667,0.07482442115239274,51.27365616666666,50.779675999999995,-0.4939801666666668,0.009727910959232311,95.12760166666665,98.26977025,3.142168583333344,1.0133367166666665,0.76779765,-0.24553906666666647,0.3197965852938811,0.05233331960737079,62593.166666666664,81101.5,12.304991810035173,12.824792820018741,0.5198010099835688,202608,150128,LIMA,LIMA,RIMAC,Costa,153,174785
Lima,Lima,San Borja,MOVISTAR,202607,42,2,14.203401666666666,14.263266,0.05986433333333352,0.004214788452672424,3.0742679833333333,3.38177695,0.3075089666666666,0.10002672777187249,46.7873195,49.514791,2.7274715,-0.05508397480663907,95.01636033333334,93.046312,-1.970048333333338,0.46720076666666666,0.45978315000000003,-0.0074176166666666266,0.01613285886328497,0.0007705012883543197,114023.0,130790.0,14.204263376035245,14.266838978117594,0.06257560208234914,202608,150130,LIMA,LIMA,SAN BORJA,Costa,170,113247
Lima,Lima,San Isidro,MOVISTAR,202605,40,4,13.654634916666666,13.594484249999999,-0.06015066666666691,-0.0044051464600673995,3.2413043333333333,3.30250425,0.0611999166666668,0.018881262100967078,48.40467866666666,49.5350825,1.1304038333333395,-0.022820267500984537,94.06612,93.05823000000001,-1.007889999999989,0.5127947133333334,0.486697245,-0.026097468333333373,0.053621565771002855,-0.0034656928555778727,113133.83333333333,110895.75,13.656787600831906,13.601910014019925,-0.054877586811981516,202608,150131,LIMA,LIMA,SAN ISIDRO,Costa,195,60735
Lima,Lima,San Juan De Lurigancho,MOVISTAR,202512,35,9,12.709999083333331,12.896325333333337,0.1863262500000058,0.014659816163506756,3.3254927666666667,3.1915555166666665,-0.13393725000000023,-0.04027591078908077,48.95463216666667,47.087181833333325,-1.8674503333333448,0.03965942026310354,94.71556083333331,97.06006366666666,2.344502833333351,0.59570462,0.5033009716666667,-0.09240364833333337,0.1835952114841768,0.02243390973702534,373115.5,310179.0,12.69955602088875,12.877884545691899,0.17832852480314898,202608,150132,LIMA,LIMA,SAN JUAN DE LURIGANCHO,Costa,222,1038495
Lima,Lima,San Martin De Porres,MOVISTAR,202512,35,9,12.848277083333334,13.1768415,0.3285644166666657,0.025572644062360483,2.8064050833333334,3.0071060666666667,0.2007009833333333,0.07151532917512715,51.312100833333325,48.374510333333326,-2.937590499999999,0.060725999700214084,94.49215500000001,97.82213666666667,3.3299816666666544,0.5963126,0.4932358083333333,-0.10307679166666667,0.20898075509758285,0.05158186718114591,290867.8333333333,264149.3333333333,12.840759538165674,13.174871750324314,0.3341122121586402,202608,150135,LIMA,LIMA,SAN MARTIN DE PORRES,Costa,138,654083
Lima,Lima,San Miguel,MOVISTAR,202605,40,4,13.666250833333335,14.10397075,0.43771991666666565,0.032029261134225884,3.2376704166666666,3.020075475,-0.21759494166666649,-0.06720725511359826,47.847182000000004,49.410292999999996,1.5631109999999921,-0.03163533152899922,95.50189083333333,96.03560625,0.5337154166666664,0.39870732499999995,0.41971614500000004,0.021008820000000095,-0.05005482931803851,-0.0068803850365011165,102751.66666666667,113576.0,13.633176675938751,14.095935231862367,0.4627585559236156,202608,150136,LIMA,LIMA,SAN MIGUEL,Costa,84,155384
Lima,Lima,Santa Anita,MOVISTAR,202604,39,5,12.313049333333332,12.570031400000001,0.25698206666666934,0.020870708766753676,3.4152982,3.22487178,-0.1904264200000001,-0.05575689408321649,48.260831499999995,50.35737999999999,2.0965484999999973,-0.041633391173250045,95.19961,98.310181,3.110570999999993,0.5415910016666667,0.581654626,0.040063624333333214,-0.0688787169266547,-0.00920167774542626,97211.33333333333,97798.2,12.306805214201706,12.57353918762513,0.266733973423424,202608,150137,LIMA,LIMA,SANTA ANITA,Costa,285,196214
Lima,Cañete,Asia,MOVISTAR,202512,35,9,12.396761916666668,12.945453083333334,0.5486911666666661,0.04426084572367128,2.800889983333333,2.7333438,-0.06754618333333307,-0.02411597161447465,43.29803783333333,42.740746666666666,-0.5572911666666656,0.013038872975546179,91.6663515,95.98339416666666,4.3170426666666515,0.3155768216666667,0.3800069183333333,0.0644300966666666,-0.16954979911747292,0.01534473483531019,25576.5,22620.0,12.419728378641851,12.911645663752578,0.49191728511072697,202608,150502,LIMA,CAÑETE,ASIA,Costa,38,9784
Lima,Cañete,Chilca,MOVISTAR,202510,33,11,11.779838666666668,12.847695916666666,1.0678572499999976,0.09065126273942159,2.7712387333333335,2.8018287666666666,0.0305900333333331,0.011038397004699219,60.32545533333333,53.461749166666664,-6.863706166666667,0.1283853647449713,92.01589166666668,95.89260333333333,3.876711666666651,0.8853221866666668,0.9866077833333332,0.10128559666666637,-0.10266044762434867,0.07069465095149889,18221.0,15133.0,11.974075772405467,12.858859710792087,0.8847839383866205,202608,150505,LIMA,CAÑETE,CHILCA,Costa,31,21573
Lima,Cañete,Mala,MOVISTAR,202512,35,9,12.043643666666666,12.8104025,0.7667588333333342,0.06366502152961417,4.5631910499999995,4.569943333333334,0.006752283333334219,0.0014797283872947098,51.204088500000005,49.51207366666667,-1.6920148333333316,0.034173782433848165,95.47308233333335,96.24242583333334,0.7693434999999909,0.494074315,0.4490227833333333,-0.0450515316666667,0.10033239590255394,0.040402048523529605,54072.0,45539.166666666664,12.047987180099375,12.809696312104967,0.761709132005592,202608,150509,LIMA,CAÑETE,MALA,Costa,58,32717
Lima,Huaura,Sayan,MOVISTAR,202602,37,7,8.830200883333333,6.919041933333333,-1.91115895,-0.216434368283426,1.2590181166666667,0.43702799999999997,-0.8219901166666668,-0.6528818813528591,56.16087083333334,56.266989833333334,0.10611899999999252,-0.0018859903526796673,68.120245,65.06349,-3.0567549999999954,0.56443545,0.4790002949999999,-0.08543515500000004,0.17836138284633019,-0.18064459046215267,6174.333333333333,4572.333333333333,8.91531064033094,6.73841632802362,-2.1768943123073203,202608,150811,LIMA,HUAURA,SAYAN,Costa,689,23408
Piura,Piura,Castilla,MOVISTAR,202412,23,21,10.618500583333335,10.975581666666665,0.35708108333333044,0.0336282020734453,2.9523693333333334,2.9802624666666664,0.027893133333332987,0.00944771137486411,75.23888000000001,61.70075283333333,-13.538127166666676,0.21941591544654226,95.81653016666667,97.07412333333332,1.257593166666652,0.5937321583333333,0.39201873833333334,-0.20171341999999992,0.5145504545460862,0.0973363288745476,98901.83333333333,82830.33333333333,10.615133106898927,11.000349972695187,0.38521686579625936,202608,200104,PIURA,PIURA,CASTILLA,Costa,35,160201
Piura,Piura,Catacaos,MOVISTAR,202411,22,22,8.523658916666667,9.294575333333333,0.7709164166666653,0.0904443061604987,3.5702314333333334,2.8185971166666666,-0.7516343166666668,-0.21052817743103736,78.26095933333333,60.83280299999999,-17.42815633333334,0.28649273868464253,96.67953516666667,98.16506233333335,1.4855271666666852,0.6856563716666666,0.4339611399999999,-0.2516952316666667,0.5799948623664015,0.10744971438902462,31616.833333333332,29030.666666666668,8.534023928147452,9.404823267693931,0.8707993395464797,202608,200105,PIURA,PIURA,CATACAOS,Costa,35,75870
Piura,Piura,Veintiseis De Octubre,MOVISTAR,202412,23,21,9.117502333333334,10.074332333333334,0.9568300000000001,0.10494431095475076,3.1580780333333336,3.10231975,-0.05575828333333366,-0.0176557649129655,76.15715166666666,61.054985666666674,-15.10216599999999,0.2473535262533868,97.45815333333333,98.05868533333334,0.6005320000000154,0.6655853966666666,0.4145437566666667,-0.2510416399999999,0.605585383841305,0.13234780840036747,84552.83333333333,92823.33333333333,9.196280795504585,10.07017704419327,0.8738962486886859,202608,200115,PIURA,PIURA,VEINTISEIS DE OCTUBRE,Costa,53,165779
Puno,Puno,Puno,MOVISTAR,202511,34,10,9.624984666666668,11.306933333333333,1.6819486666666652,0.17474819180664314,2.5910288500000003,3.0174386666666666,0.42640981666666633,0.16457162052312402,68.11725233333334,62.89281033333334,-5.224442000000003,0.08306898630082427,94.988315,95.89230300000001,0.9039880000000124,0.6497124266666667,0.46772221333333336,-0.18199021333333337,0.3890989312573738,0.13616319493920065,186101.83333333334,153667.16666666666,9.630970666261572,11.258212736693915,1.6272420704323434,202608,210101,PUNO,PUNO,PUNO,Sierra,3848,135288
Puno,Chucuito,Desaguadero,MOVISTAR,202601,36,8,9.1093678,11.525530166666668,2.4161623666666685,0.26523930306850363,1.0306506666666666,0.0,-1.0306506666666666,-1.0,70.81296333333334,64.88173149999999,-5.9312318333333565,0.09141605342843473,91.29571933333334,95.33413833333334,4.038419000000005,0.9023772733333332,0.5981455800000001,-0.3042316933333331,0.5086248289811539,0.010438604533567855,8085.333333333333,2833.1666666666665,9.078821343086247,11.567685711041827,2.48886436795558,202608,210402,PUNO,CHUCUITO,DESAGUADERO,Sierra,3849,13787
Puno,Melgar,Ayaviri,MOVISTAR,202602,37,7,9.922681333333335,10.419564166666667,0.4968828333333324,0.05007546011420838,2.267215616666667,2.723539433333334,0.456323816666667,0.2012705864021742,65.64082483333333,65.84078233333334,0.19995750000001067,-0.003036985480939225,92.28356833333333,96.491295,4.207726666666659,0.5618539216666667,0.5095625900000001,-0.05229133166666655,0.10262003666059272,0.060904117468804295,32055.833333333332,20282.833333333332,9.908061888221074,10.40836061129691,0.5002987230758364,202608,210801,PUNO,MELGAR,AYAVIRI,Sierra,3937,24452
Puno,San Roman,Juliaca,MOVISTAR,202511,34,10,9.839242,10.921399999999998,1.082157999999998,0.10998387883944694,3.11579315,3.0641922166666666,-0.051600933333333376,-0.016561090819951718,66.65867283333334,62.0118535,-4.64681933333334,0.07493437256045477,94.979786,94.99462449999999,0.014838499999981991,0.94002854,0.6682812383333333,-0.2717473016666667,0.40663613772009155,0.08059704568890426,226510.33333333334,155954.83333333334,9.787663121503655,10.97581218468702,1.1881490631833653,202608,211101,PUNO,SAN ROMAN,JULIACA,Sierra,3877,228726
Puno,San Roman,Caracoto,MOVISTAR,202511,34,10,8.681847883333335,11.529541166666666,2.8476932833333315,0.3280054340505192,2.5019272166666666,1.2190836,-1.2828436166666666,-0.5127421805562382,65.88405116666665,61.55759033333334,-4.326460833333314,0.07028314152496229,92.1281135,94.22505233333332,2.0969388333333256,0.83374614,0.7125331533333333,-0.12121298666666669,0.17011557441168135,0.08351281888859656,12357.833333333334,7484.833333333333,8.547851031774718,11.580753647309004,3.0329026155342866,202608,211104,PUNO,SAN ROMAN,CARACOTO,Sierra,3844,6818
Puno,San Roman,San Miguel,MOVISTAR,202511,34,10,10.766995666666666,12.279728,1.512732333333334,0.14049716189787032,3.35352105,2.8486233333333337,-0.5048977166666662,-0.1505574914064327,69.62093850000001,63.88326583333335,-5.737672666666661,0.0898149553223504,93.39206933333334,95.820534,2.428464666666656,0.9441338216666667,0.7348658166666667,-0.20926800499999998,0.2847703624986049,0.07395019500370106,38139.666666666664,38905.833333333336,10.820021669069385,12.319874575123695,1.4998529060543095,202608,211105,PUNO,SAN ROMAN,SAN MIGUEL,Sierra,3875,62463
Tacna,Tacna,Sama,MOVISTAR,202608,43,1,14.030371500000001,16.217651,2.187279499999999,0.1558960502221911,4.2782572666666665,5.167672,0.8894147333333331,0.20789183022326885,58.424693999999995,59.3843,0.959606000000008,-0.016159254213655938,92.42365833333332,91.469475,-0.9541833333333187,0.5220205666666667,0.4614739,-0.06054666666666675,0.13120279752910569,0.09463124594540809,9683.833333333334,9546.0,13.530024854258816,16.217651,2.6876261457411843,202608,230109,TACNA,TACNA,SAMA,Costa,425,3227
Tacna,Candarave,Camilaca,MOVISTAR,202412,23,20,7.522975333333332,9.7300665,2.2070911666666673,0.2933800881796502,2.186151183333333,1.34288195,-0.8432692333333331,-0.38573234996838546,95.78806100000001,94.29317283333334,-1.4948881666666693,0.01585362038149829,66.20227666666666,90.58150666666667,24.379230000000007,2.7626358166666662,1.963493493333333,-0.7991423233333332,0.40700024015697944,0.12037444487982585,4389.666666666667,2813.5,7.550029118649859,10.912125508559921,3.3620963899100618,202608,230203,TACNA,CANDARAVE,CAMILACA,Sierra,3853,1148
Tumbes,Tumbes,Tumbes,MOVISTAR,202511,34,10,11.193017166666666,12.311760833333333,1.118743666666667,0.09995014302294991,2.797421,2.55185015,-0.24557085,-0.08778473100759598,63.0033635,62.09221466666667,-0.9111488333333284,0.014674123611546186,96.95729333333334,95.8815065,-1.0757868333333391,0.4032214766666667,0.38022487666666666,-0.022996600000000034,0.06048157659121434,0.03189127704048782,39723.833333333336,36444.666666666664,11.295771425693223,12.295775808298425,1.0000043826052014,202608,240101,TUMBES,TUMBES,TUMBES,Costa,9,102306
Ucayali,Coronel Portillo,Manantay,MOVISTAR,202607,42,2,12.854345666666667,15.737067,2.8827213333333326,0.22426044919646748,3.701651333333333,3.9634832,0.26183186666666725,0.07073380042816946,57.92834116666666,57.981322500000005,0.052981333333342207,-0.0009137655204974893,96.70929266666666,98.7321395,2.0228468333333467,0.6288060866666666,0.6036496,-0.02515648666666659,0.04167398879526574,0.10520377805245136,43030.5,43677.0,12.948952566710433,15.83028906655677,2.881336499846336,202608,250107,UCAYALI,CORONEL PORTILLO,MANANTAY,Selva,165,87525
